-- 테스트 계정
-- TODO: 테스트용이지만 비밀번호가 노출된 데이터 세팅. 개선하는 것이 좋을 지 고민해 보자.
insert into user_account (user_id, user_password, nickname, email, memo, created_at, created_by, modified_at, modified_by) values
    ('lee', '{noop}asdf1234', 'Lee', 'lee@mail.com', 'I am Lee.', now(), 'lee', now(), 'lee')
;
insert into user_account (user_id, user_password, nickname, email, memo, created_at, created_by, modified_at, modified_by) values
    ('lee2', '{noop}asdf1234', 'lee2', 'lee2@mail.com', 'I am lee2.', now(), 'lee2', now(), 'lee2')
;

-- 123 게시글
insert into article (user_id, title, content, created_by, modified_by, created_at, modified_at) values
                                                                                                    ('lee2', 'Quisque ut erat.', 'Vestibulum quam sapien, varius ut, blandit non, interdum in, ante. Vestibulum ante ipsum primis in faucibus orci luctus et ultrices posuere cubilia Curae; Duis faucibus accumsan odio. Curabitur convallis.

Duis consequat dui nec nisi volutpat eleifend. Donec ut dolor. Morbi vel lectus in quam fringilla rhoncus.

Mauris enim leo, rhoncus sed, vestibulum sit amet, cursus id, turpis. Integer aliquet, massa id lobortis convallis, tortor risus dapibus augue, vel accumsan tellus nisi eu orci. Mauris lacinia sapien quis libero.

#pink', 'Kamilah', 'Murial', '2024-05-30 23:53:46', '2024-03-10 08:48:50'),
                                                                                                    ('lee2', 'Morbi ut odio.', 'Phasellus in felis. Donec semper sapien a libero. Nam dui.

Proin leo odio, porttitor id, consequat in, consequat ut, nulla. Sed accumsan felis. Ut at dolor quis odio consequat varius.

Integer ac leo. Pellentesque ultrices mattis odio. Donec vitae nisi.

#purple', 'Arv', 'Keelby', '2024-05-06 11:51:24', '2024-05-23 08:34:54'),
                                                                                                    ('lee2', 'Vestibulum ante ipsum primis in faucibus orci luctus et ultrices posuere cubilia Curae; Duis faucibus accumsan odio.', 'Etiam vel augue. Vestibulum rutrum rutrum neque. Aenean auctor gravida sem.

#purple', 'Adams', 'Thalia', '2024-08-13 08:32:22', '2024-04-02 02:58:19'),
                                                                                                    ('lee', 'Fusce posuere felis sed lacus.', 'Integer ac leo. Pellentesque ultrices mattis odio. Donec vitae nisi.

#mauv', 'Johny', 'Constantin', '2024-09-05 04:28:16', '2024-10-31 17:46:08'),
                                                                                                    ('lee', 'Aliquam erat volutpat.', 'Proin interdum mauris non ligula pellentesque ultrices. Phasellus id sapien in sapien iaculis congue. Vivamus metus arcu, adipiscing molestie, hendrerit at, vulputate vitae, nisl.

#green', 'Karlene', 'Marmaduke', '2024-01-25 16:10:23', '2024-11-08 08:47:03'),
                                                                                                    ('lee', 'Donec ut mauris eget massa tempor convallis.', 'Cras non velit nec nisi vulputate nonummy. Maecenas tincidunt lacus at velit. Vivamus vel nulla eget eros elementum pellentesque.

Quisque porta volutpat erat. Quisque erat eros, viverra eget, congue eget, semper rutrum, nulla. Nunc purus.

#maroon', 'Alonso', 'Eustacia', '2024-01-26 06:33:42', '2024-12-08 11:27:30'),
                                                                                                    ('lee', 'Nullam molestie nibh in lectus.', 'Proin leo odio, porttitor id, consequat in, consequat ut, nulla. Sed accumsan felis. Ut at dolor quis odio consequat varius.

Integer ac leo. Pellentesque ultrices mattis odio. Donec vitae nisi.

#orange', 'Dedra', 'Wilek', '2024-05-04 19:51:29', '2024-10-09 16:52:09'),
                                                                                                    ('lee', 'Sed ante.', 'Fusce posuere felis sed lacus. Morbi sem mauris, laoreet ut, rhoncus aliquet, pulvinar sed, nisl. Nunc rhoncus dui vel sem.

Sed sagittis. Nam congue, risus semper porta volutpat, quam pede lobortis ligula, sit amet eleifend pede libero quis orci. Nullam molestie nibh in lectus.

#teal', 'Doe', 'Jodi', '2024-10-23 23:45:21', '2024-08-05 14:19:36'),
                                                                                                    ('lee', 'In hac habitasse platea dictumst.', 'Sed ante. Vivamus tortor. Duis mattis egestas metus.

Aenean fermentum. Donec ut mauris eget massa tempor convallis. Nulla neque libero, convallis eget, eleifend luctus, ultricies eu, nibh.

#khaki', 'Fitz', 'Jemmie', '2024-01-10 21:03:03', '2024-04-15 05:02:39'),
                                                                                                    ('lee', 'Vivamus in felis eu sapien cursus vestibulum.', 'Nulla ut erat id mauris vulputate elementum. Nullam varius. Nulla facilisi.

Cras non velit nec nisi vulputate nonummy. Maecenas tincidunt lacus at velit. Vivamus vel nulla eget eros elementum pellentesque.

Quisque porta volutpat erat. Quisque erat eros, viverra eget, congue eget, semper rutrum, nulla. Nunc purus.

#puce', 'Grace', 'Bryn', '2024-09-28 07:01:29', '2024-09-01 13:54:55'),
                                                                                                    ('lee', 'Morbi a ipsum.', 'Mauris enim leo, rhoncus sed, vestibulum sit amet, cursus id, turpis. Integer aliquet, massa id lobortis convallis, tortor risus dapibus augue, vel accumsan tellus nisi eu orci. Mauris lacinia sapien quis libero.

#orange', 'Lalo', 'Lorrie', '2024-01-26 03:40:15', '2024-07-18 05:30:34'),
                                                                                                    ('lee', 'Cum sociis natoque penatibus et magnis dis parturient montes, nascetur ridiculus mus.', 'Sed ante. Vivamus tortor. Duis mattis egestas metus.

Aenean fermentum. Donec ut mauris eget massa tempor convallis. Nulla neque libero, convallis eget, eleifend luctus, ultricies eu, nibh.

#purple', 'Jane', 'Tresa', '2024-07-22 22:25:07', '2024-05-16 14:20:27'),
                                                                                                    ('lee', 'Duis at velit eu est congue elementum.', 'Curabitur in libero ut massa volutpat convallis. Morbi odio odio, elementum eu, interdum eu, tincidunt in, leo. Maecenas pulvinar lobortis est.

#maroon', 'Cookie', 'Rosalia', '2024-02-20 10:06:13', '2024-10-10 06:05:30'),
                                                                                                    ('lee', 'In hac habitasse platea dictumst.', 'In hac habitasse platea dictumst. Morbi vestibulum, velit id pretium iaculis, diam erat fermentum justo, nec condimentum neque sapien placerat ante. Nulla justo.

Aliquam quis turpis eget elit sodales scelerisque. Mauris sit amet eros. Suspendisse accumsan tortor quis turpis.', 'Gerti', 'Everard', '2024-08-17 15:14:51', '2024-10-01 13:01:41'),
                                                                                                    ('lee', 'Nulla suscipit ligula in lacus.', 'Sed sagittis. Nam congue, risus semper porta volutpat, quam pede lobortis ligula, sit amet eleifend pede libero quis orci. Nullam molestie nibh in lectus.

Pellentesque at nulla. Suspendisse potenti. Cras in purus eu magna vulputate luctus.

Cum sociis natoque penatibus et magnis dis parturient montes, nascetur ridiculus mus. Vivamus vestibulum sagittis sapien. Cum sociis natoque penatibus et magnis dis parturient montes, nascetur ridiculus mus.

#khaki', 'Adolf', 'Tiff', '2024-12-03 03:44:00', '2024-07-12 00:20:12'),
                                                                                                    ('lee', 'Cum sociis natoque penatibus et magnis dis parturient montes, nascetur ridiculus mus.', 'Proin interdum mauris non ligula pellentesque ultrices. Phasellus id sapien in sapien iaculis congue. Vivamus metus arcu, adipiscing molestie, hendrerit at, vulputate vitae, nisl.

Aenean lectus. Pellentesque eget nunc. Donec quis orci eget orci vehicula condimentum.', 'Vivyanne', 'Humbert', '2024-08-11 04:04:05', '2024-09-05 17:15:51'),
                                                                                                    ('lee', 'Donec semper sapien a libero.', 'Donec diam neque, vestibulum eget, vulputate ut, ultrices vel, augue. Vestibulum ante ipsum primis in faucibus orci luctus et ultrices posuere cubilia Curae; Donec pharetra, magna vestibulum aliquet ultrices, erat tortor sollicitudin mi, sit amet lobortis sapien sapien non mi. Integer ac neque.', 'Ki', 'Ophelia', '2024-12-21 13:27:54', '2024-05-07 08:06:52'),
                                                                                                    ('lee', 'Quisque id justo sit amet sapien dignissim vestibulum.', 'Cum sociis natoque penatibus et magnis dis parturient montes, nascetur ridiculus mus. Vivamus vestibulum sagittis sapien. Cum sociis natoque penatibus et magnis dis parturient montes, nascetur ridiculus mus.

Etiam vel augue. Vestibulum rutrum rutrum neque. Aenean auctor gravida sem.

#goldenrod', 'Jackelyn', 'Vlad', '2024-06-29 13:00:35', '2024-05-11 00:47:43'),
                                                                                                    ('lee', 'Morbi quis tortor id nulla ultrices aliquet.', 'Nullam sit amet turpis elementum ligula vehicula consequat. Morbi a ipsum. Integer a nibh.

#yellow', 'Jesus', 'Peri', '2024-06-18 20:56:37', '2024-07-05 18:44:15'),
                                                                                                    ('lee', 'In sagittis dui vel nisl.', 'Aenean fermentum. Donec ut mauris eget massa tempor convallis. Nulla neque libero, convallis eget, eleifend luctus, ultricies eu, nibh.

Quisque id justo sit amet sapien dignissim vestibulum. Vestibulum ante ipsum primis in faucibus orci luctus et ultrices posuere cubilia Curae; Nulla dapibus dolor vel est. Donec odio justo, sollicitudin ut, suscipit a, feugiat et, eros.

#orange', 'Abbot', 'Carolann', '2024-06-16 12:20:50', '2024-01-26 02:34:46'),
                                                                                                    ('lee', 'Integer non velit.', 'Quisque porta volutpat erat. Quisque erat eros, viverra eget, congue eget, semper rutrum, nulla. Nunc purus.

Phasellus in felis. Donec semper sapien a libero. Nam dui.

#fuscia', 'Shae', 'Rhody', '2024-01-14 23:22:59', '2024-01-31 12:02:00'),
                                                                                                    ('lee', 'Quisque id justo sit amet sapien dignissim vestibulum.', 'Aenean lectus. Pellentesque eget nunc. Donec quis orci eget orci vehicula condimentum.

Curabitur in libero ut massa volutpat convallis. Morbi odio odio, elementum eu, interdum eu, tincidunt in, leo. Maecenas pulvinar lobortis est.

#puce', 'Dominik', 'Enos', '2024-12-17 17:42:09', '2024-06-28 19:55:49'),
                                                                                                    ('lee', 'Nullam varius.', 'Cum sociis natoque penatibus et magnis dis parturient montes, nascetur ridiculus mus. Vivamus vestibulum sagittis sapien. Cum sociis natoque penatibus et magnis dis parturient montes, nascetur ridiculus mus.

Etiam vel augue. Vestibulum rutrum rutrum neque. Aenean auctor gravida sem.

Praesent id massa id nisl venenatis lacinia. Aenean sit amet justo. Morbi ut odio.', 'Sheila-kathryn', 'Lil', '2024-06-11 13:47:12', '2024-11-30 13:45:21'),
                                                                                                    ('lee', 'Sed ante.', 'Integer ac leo. Pellentesque ultrices mattis odio. Donec vitae nisi.

Nam ultrices, libero non mattis pulvinar, nulla pede ullamcorper augue, a suscipit nulla elit ac nulla. Sed vel enim sit amet nunc viverra dapibus. Nulla suscipit ligula in lacus.

Curabitur at ipsum ac tellus semper interdum. Mauris ullamcorper purus sit amet nulla. Quisque arcu libero, rutrum ac, lobortis vel, dapibus at, diam.

#teal', 'Moina', 'Coletta', '2024-09-01 00:39:21', '2024-06-20 13:09:41'),
                                                                                                    ('lee', 'Morbi non lectus.', 'Nullam sit amet turpis elementum ligula vehicula consequat. Morbi a ipsum. Integer a nibh.

In quis justo. Maecenas rhoncus aliquam lacus. Morbi quis tortor id nulla ultrices aliquet.

Maecenas leo odio, condimentum id, luctus nec, molestie sed, justo. Pellentesque viverra pede ac diam. Cras pellentesque volutpat dui.

#fuscia', 'Niel', 'Alexio', '2024-04-13 02:59:34', '2024-01-26 00:43:20'),
                                                                                                    ('lee', 'Quisque erat eros, viverra eget, congue eget, semper rutrum, nulla.', 'Curabitur in libero ut massa volutpat convallis. Morbi odio odio, elementum eu, interdum eu, tincidunt in, leo. Maecenas pulvinar lobortis est.

#maroon', 'Gannie', 'Alicea', '2024-05-18 21:27:32', '2024-04-26 23:42:00'),
                                                                                                    ('lee', 'Lorem ipsum dolor sit amet, consectetuer adipiscing elit.', 'Duis bibendum. Morbi non quam nec dui luctus rutrum. Nulla tellus.

In sagittis dui vel nisl. Duis ac nibh. Fusce lacus purus, aliquet at, feugiat non, pretium quis, lectus.

Suspendisse potenti. In eleifend quam a odio. In hac habitasse platea dictumst.

#teal', 'Burg', 'Saudra', '2024-01-09 16:49:14', '2024-01-30 05:24:22'),
                                                                                                    ('lee', 'Nulla justo.', 'Maecenas leo odio, condimentum id, luctus nec, molestie sed, justo. Pellentesque viverra pede ac diam. Cras pellentesque volutpat dui.

Maecenas tristique, est et tempus semper, est quam pharetra magna, ac consequat metus sapien ut nunc. Vestibulum ante ipsum primis in faucibus orci luctus et ultrices posuere cubilia Curae; Mauris viverra diam vitae quam. Suspendisse potenti.

Nullam porttitor lacus at turpis. Donec posuere metus vitae ipsum. Aliquam non mauris.

#turquoise', 'Monah', 'Alexandro', '2024-08-25 08:42:32', '2024-06-24 17:50:44'),
                                                                                                    ('lee', 'Pellentesque viverra pede ac diam.', 'Cum sociis natoque penatibus et magnis dis parturient montes, nascetur ridiculus mus. Vivamus vestibulum sagittis sapien. Cum sociis natoque penatibus et magnis dis parturient montes, nascetur ridiculus mus.

#fuscia', 'Tadeas', 'Lynnelle', '2024-04-16 16:05:00', '2024-11-18 17:42:45'),
                                                                                                    ('lee', 'Curabitur gravida nisi at nibh.', 'Quisque porta volutpat erat. Quisque erat eros, viverra eget, congue eget, semper rutrum, nulla. Nunc purus.', 'Clim', 'Carin', '2024-11-14 22:48:52', '2024-01-15 04:11:23'),
                                                                                                    ('lee', 'Duis aliquam convallis nunc.', 'Duis consequat dui nec nisi volutpat eleifend. Donec ut dolor. Morbi vel lectus in quam fringilla rhoncus.

Mauris enim leo, rhoncus sed, vestibulum sit amet, cursus id, turpis. Integer aliquet, massa id lobortis convallis, tortor risus dapibus augue, vel accumsan tellus nisi eu orci. Mauris lacinia sapien quis libero.

#blue', 'Vonnie', 'Amery', '2024-07-07 06:30:56', '2024-06-21 07:33:19'),
                                                                                                    ('lee', 'Aliquam augue quam, sollicitudin vitae, consectetuer eget, rutrum at, lorem.', 'Proin leo odio, porttitor id, consequat in, consequat ut, nulla. Sed accumsan felis. Ut at dolor quis odio consequat varius.

Integer ac leo. Pellentesque ultrices mattis odio. Donec vitae nisi.

#yellow', 'Billi', 'Laure', '2024-10-22 11:07:01', '2024-01-24 21:15:02'),
                                                                                                    ('lee', 'Donec semper sapien a libero.', 'In hac habitasse platea dictumst. Etiam faucibus cursus urna. Ut tellus.

#pink', 'Terese', 'Dalli', '2024-07-04 02:06:12', '2024-10-27 03:27:56'),
                                                                                                    ('lee', 'Phasellus in felis.', 'Fusce posuere felis sed lacus. Morbi sem mauris, laoreet ut, rhoncus aliquet, pulvinar sed, nisl. Nunc rhoncus dui vel sem.

Sed sagittis. Nam congue, risus semper porta volutpat, quam pede lobortis ligula, sit amet eleifend pede libero quis orci. Nullam molestie nibh in lectus.

#goldenrod', 'Arlen', 'Francoise', '2024-03-06 10:32:19', '2024-09-16 12:49:52'),
                                                                                                    ('lee', 'Etiam vel augue.', 'In sagittis dui vel nisl. Duis ac nibh. Fusce lacus purus, aliquet at, feugiat non, pretium quis, lectus.

Suspendisse potenti. In eleifend quam a odio. In hac habitasse platea dictumst.

#blue', 'Roderich', 'Daphna', '2024-07-29 05:37:58', '2024-09-09 14:57:16'),
                                                                                                    ('lee', 'In hac habitasse platea dictumst.', 'Sed sagittis. Nam congue, risus semper porta volutpat, quam pede lobortis ligula, sit amet eleifend pede libero quis orci. Nullam molestie nibh in lectus.

Pellentesque at nulla. Suspendisse potenti. Cras in purus eu magna vulputate luctus.', 'Jeremy', 'Allx', '2024-03-29 02:31:37', '2024-10-04 04:51:02'),
                                                                                                    ('lee', 'Nunc purus.', 'Proin leo odio, porttitor id, consequat in, consequat ut, nulla. Sed accumsan felis. Ut at dolor quis odio consequat varius.

#purple', 'Neely', 'Hubey', '2024-12-09 23:08:51', '2024-01-19 22:52:00'),
                                                                                                    ('lee', 'Duis bibendum, felis sed interdum venenatis, turpis enim blandit mi, in porttitor pede justo eu massa.', 'Fusce consequat. Nulla nisl. Nunc nisl.

Duis bibendum, felis sed interdum venenatis, turpis enim blandit mi, in porttitor pede justo eu massa. Donec dapibus. Duis at velit eu est congue elementum.

#green', 'Kasper', 'Nealy', '2024-01-06 11:57:12', '2024-09-22 23:51:12'),
                                                                                                    ('lee', 'Curabitur at ipsum ac tellus semper interdum.', 'Nulla ut erat id mauris vulputate elementum. Nullam varius. Nulla facilisi.

Cras non velit nec nisi vulputate nonummy. Maecenas tincidunt lacus at velit. Vivamus vel nulla eget eros elementum pellentesque.

Quisque porta volutpat erat. Quisque erat eros, viverra eget, congue eget, semper rutrum, nulla. Nunc purus.', 'Herminia', 'Alexandra', '2024-01-24 16:01:31', '2024-09-04 09:45:28'),
                                                                                                    ('lee', 'Morbi non lectus.', 'Proin eu mi. Nulla ac enim. In tempor, turpis nec euismod scelerisque, quam turpis adipiscing lorem, vitae mattis nibh ligula nec sem.

Duis aliquam convallis nunc. Proin at turpis a pede posuere nonummy. Integer non velit.

#turquoise', 'Dionne', 'Arvy', '2024-04-07 19:45:14', '2024-05-04 04:31:17'),
                                                                                                    ('lee', 'Morbi vestibulum, velit id pretium iaculis, diam erat fermentum justo, nec condimentum neque sapien placerat ante.', 'Praesent blandit. Nam nulla. Integer pede justo, lacinia eget, tincidunt eget, tempus vel, pede.', 'Armin', 'Hetti', '2024-12-13 04:47:57', '2024-11-21 10:40:03'),
                                                                                                    ('lee', 'Quisque erat eros, viverra eget, congue eget, semper rutrum, nulla.', 'Lorem ipsum dolor sit amet, consectetuer adipiscing elit. Proin risus. Praesent lectus.

#fuscia', 'Eamon', 'Alberta', '2024-01-14 18:42:07', '2024-08-08 01:49:02'),
                                                                                                    ('lee', 'Vestibulum quam sapien, varius ut, blandit non, interdum in, ante.', 'In sagittis dui vel nisl. Duis ac nibh. Fusce lacus purus, aliquet at, feugiat non, pretium quis, lectus.

Suspendisse potenti. In eleifend quam a odio. In hac habitasse platea dictumst.

Maecenas ut massa quis augue luctus tincidunt. Nulla mollis molestie lorem. Quisque ut erat.

#violet', 'Udale', 'Steffane', '2024-01-09 05:17:28', '2024-01-07 13:29:29'),
                                                                                                    ('lee', 'Ut tellus.', 'Aenean lectus. Pellentesque eget nunc. Donec quis orci eget orci vehicula condimentum.

Curabitur in libero ut massa volutpat convallis. Morbi odio odio, elementum eu, interdum eu, tincidunt in, leo. Maecenas pulvinar lobortis est.

Phasellus sit amet erat. Nulla tempus. Vivamus in felis eu sapien cursus vestibulum.', 'Jackie', 'Emelda', '2024-11-20 09:06:53', '2024-06-29 21:11:43'),
                                                                                                    ('lee', 'Lorem ipsum dolor sit amet, consectetuer adipiscing elit.', 'Phasellus in felis. Donec semper sapien a libero. Nam dui.

#red #white', 'Judye', 'Hulda', '2024-01-31 02:12:17', '2024-11-13 04:25:33'),
                                                                                                    ('lee', 'Donec quis orci eget orci vehicula condimentum.', 'Vestibulum ac est lacinia nisi venenatis tristique. Fusce congue, diam id ornare imperdiet, sapien urna pretium nisl, ut volutpat sapien arcu sed augue. Aliquam erat volutpat.

In congue. Etiam justo. Etiam pretium iaculis justo.', 'Hana', 'Anabel', '2024-05-19 15:38:50', '2024-09-18 12:45:53'),
                                                                                                    ('lee', 'Pellentesque eget nunc.', 'Nullam porttitor lacus at turpis. Donec posuere metus vitae ipsum. Aliquam non mauris.

#purple', 'Gil', 'Gerri', '2024-07-13 02:04:06', '2024-04-28 03:43:55'),
                                                                                                    ('lee', 'Nam dui.', 'Phasellus in felis. Donec semper sapien a libero. Nam dui.

#crimson', 'Peyton', 'Leena', '2024-01-09 14:46:57', '2024-10-20 07:05:55'),
                                                                                                    ('lee', 'Morbi a ipsum.', 'In hac habitasse platea dictumst. Etiam faucibus cursus urna. Ut tellus.

Nulla ut erat id mauris vulputate elementum. Nullam varius. Nulla facilisi.

Cras non velit nec nisi vulputate nonummy. Maecenas tincidunt lacus at velit. Vivamus vel nulla eget eros elementum pellentesque.

#indigo', 'Pepillo', 'Bride', '2024-07-23 15:14:41', '2024-07-29 20:10:02'),
                                                                                                    ('lee', 'Aenean auctor gravida sem.', 'Fusce posuere felis sed lacus. Morbi sem mauris, laoreet ut, rhoncus aliquet, pulvinar sed, nisl. Nunc rhoncus dui vel sem.

#khaki', 'Tull', 'Tracee', '2024-03-01 23:36:57', '2024-04-20 05:54:22'),
                                                                                                    ('lee', 'Morbi quis tortor id nulla ultrices aliquet.', 'In hac habitasse platea dictumst. Morbi vestibulum, velit id pretium iaculis, diam erat fermentum justo, nec condimentum neque sapien placerat ante. Nulla justo.

Aliquam quis turpis eget elit sodales scelerisque. Mauris sit amet eros. Suspendisse accumsan tortor quis turpis.', 'Gregorius', 'Marlane', '2024-08-16 16:20:12', '2024-09-28 15:21:22'),
                                                                                                    ('lee', 'Nulla nisl.', 'Duis aliquam convallis nunc. Proin at turpis a pede posuere nonummy. Integer non velit.

#turquoise', 'Cindi', 'Cary', '2024-09-29 02:56:11', '2024-04-26 00:16:31'),
                                                                                                    ('lee', 'Maecenas tristique, est et tempus semper, est quam pharetra magna, ac consequat metus sapien ut nunc.', 'Curabitur gravida nisi at nibh. In hac habitasse platea dictumst. Aliquam augue quam, sollicitudin vitae, consectetuer eget, rutrum at, lorem.

Integer tincidunt ante vel ipsum. Praesent blandit lacinia erat. Vestibulum sed magna at nunc commodo placerat.', 'Rachel', 'Maurise', '2024-11-05 23:17:06', '2024-06-02 11:12:17'),
                                                                                                    ('lee', 'Morbi non quam nec dui luctus rutrum.', 'Morbi porttitor lorem id ligula. Suspendisse ornare consequat lectus. In est risus, auctor sed, tristique in, tempus sit amet, sem.

#pink', 'Muriel', 'Ki', '2024-06-29 18:05:20', '2024-11-14 19:30:51'),
                                                                                                    ('lee', 'Phasellus in felis.', 'Curabitur gravida nisi at nibh. In hac habitasse platea dictumst. Aliquam augue quam, sollicitudin vitae, consectetuer eget, rutrum at, lorem.

Integer tincidunt ante vel ipsum. Praesent blandit lacinia erat. Vestibulum sed magna at nunc commodo placerat.

Praesent blandit. Nam nulla. Integer pede justo, lacinia eget, tincidunt eget, tempus vel, pede.

#orange', 'Emanuele', 'Frank', '2024-01-13 10:45:47', '2024-01-07 02:08:42'),
                                                                                                    ('lee', 'Vestibulum ante ipsum primis in faucibus orci luctus et ultrices posuere cubilia Curae; Donec pharetra, magna vestibulum aliquet ultrices, erat tortor sollicitudin mi, sit amet lobortis sapien sapien non mi.', 'Aenean fermentum. Donec ut mauris eget massa tempor convallis. Nulla neque libero, convallis eget, eleifend luctus, ultricies eu, nibh.

Quisque id justo sit amet sapien dignissim vestibulum. Vestibulum ante ipsum primis in faucibus orci luctus et ultrices posuere cubilia Curae; Nulla dapibus dolor vel est. Donec odio justo, sollicitudin ut, suscipit a, feugiat et, eros.', 'Arlen', 'Kelley', '2024-01-18 04:14:36', '2024-01-12 15:49:40'),
                                                                                                    ('lee', 'Nunc nisl.', 'Duis aliquam convallis nunc. Proin at turpis a pede posuere nonummy. Integer non velit.

#orange', 'Brant', 'Rycca', '2024-10-24 18:34:37', '2024-09-24 11:55:07'),
                                                                                                    ('lee', 'Nulla justo.', 'Morbi porttitor lorem id ligula. Suspendisse ornare consequat lectus. In est risus, auctor sed, tristique in, tempus sit amet, sem.

#pink', 'Glenn', 'Isaiah', '2024-12-27 21:37:13', '2024-06-21 11:23:36'),
                                                                                                    ('lee', 'Praesent lectus.', 'Nulla ut erat id mauris vulputate elementum. Nullam varius. Nulla facilisi.

Cras non velit nec nisi vulputate nonummy. Maecenas tincidunt lacus at velit. Vivamus vel nulla eget eros elementum pellentesque.

Quisque porta volutpat erat. Quisque erat eros, viverra eget, congue eget, semper rutrum, nulla. Nunc purus.

#crimson', 'Doro', 'Adah', '2024-04-15 20:39:03', '2024-07-29 20:08:20'),
                                                                                                    ('lee', 'Etiam pretium iaculis justo.', 'Nam ultrices, libero non mattis pulvinar, nulla pede ullamcorper augue, a suscipit nulla elit ac nulla. Sed vel enim sit amet nunc viverra dapibus. Nulla suscipit ligula in lacus.

Curabitur at ipsum ac tellus semper interdum. Mauris ullamcorper purus sit amet nulla. Quisque arcu libero, rutrum ac, lobortis vel, dapibus at, diam.

#crimson', 'Coletta', 'Magdalene', '2024-11-14 13:15:09', '2024-10-13 16:51:20'),
                                                                                                    ('lee', 'Lorem ipsum dolor sit amet, consectetuer adipiscing elit.', 'Aliquam quis turpis eget elit sodales scelerisque. Mauris sit amet eros. Suspendisse accumsan tortor quis turpis.

Sed ante. Vivamus tortor. Duis mattis egestas metus.

#teal', 'Miltie', 'Krissy', '2024-11-29 14:30:18', '2024-06-28 06:23:31'),
                                                                                                    ('lee', 'Fusce congue, diam id ornare imperdiet, sapien urna pretium nisl, ut volutpat sapien arcu sed augue.', 'Maecenas ut massa quis augue luctus tincidunt. Nulla mollis molestie lorem. Quisque ut erat.

Curabitur gravida nisi at nibh. In hac habitasse platea dictumst. Aliquam augue quam, sollicitudin vitae, consectetuer eget, rutrum at, lorem.

Integer tincidunt ante vel ipsum. Praesent blandit lacinia erat. Vestibulum sed magna at nunc commodo placerat.', 'Alvan', 'Stu', '2024-02-07 15:13:30', '2024-03-20 08:42:35'),
                                                                                                    ('lee', 'Maecenas tincidunt lacus at velit.', 'Nulla ut erat id mauris vulputate elementum. Nullam varius. Nulla facilisi.

#violet', 'Lurleen', 'Sly', '2024-10-12 02:16:28', '2024-03-28 22:35:10'),
                                                                                                    ('lee', 'Integer pede justo, lacinia eget, tincidunt eget, tempus vel, pede.', 'Suspendisse potenti. In eleifend quam a odio. In hac habitasse platea dictumst.

#violet', 'Gus', 'Roy', '2024-04-30 18:14:12', '2024-08-07 12:28:47'),
                                                                                                    ('lee', 'Nulla facilisi.', 'Aenean fermentum. Donec ut mauris eget massa tempor convallis. Nulla neque libero, convallis eget, eleifend luctus, ultricies eu, nibh.

Quisque id justo sit amet sapien dignissim vestibulum. Vestibulum ante ipsum primis in faucibus orci luctus et ultrices posuere cubilia Curae; Nulla dapibus dolor vel est. Donec odio justo, sollicitudin ut, suscipit a, feugiat et, eros.

#violet', 'Alfons', 'Meredith', '2024-11-30 09:26:07', '2024-05-25 03:28:14'),
                                                                                                    ('lee', 'Nunc nisl.', 'Duis consequat dui nec nisi volutpat eleifend. Donec ut dolor. Morbi vel lectus in quam fringilla rhoncus.

Mauris enim leo, rhoncus sed, vestibulum sit amet, cursus id, turpis. Integer aliquet, massa id lobortis convallis, tortor risus dapibus augue, vel accumsan tellus nisi eu orci. Mauris lacinia sapien quis libero.

Nullam sit amet turpis elementum ligula vehicula consequat. Morbi a ipsum. Integer a nibh.

#turquoise', 'Alaine', 'Kaile', '2024-05-19 04:01:38', '2024-01-20 20:21:15'),
                                                                                                    ('lee', 'Praesent blandit lacinia erat.', 'In hac habitasse platea dictumst. Morbi vestibulum, velit id pretium iaculis, diam erat fermentum justo, nec condimentum neque sapien placerat ante. Nulla justo.

Aliquam quis turpis eget elit sodales scelerisque. Mauris sit amet eros. Suspendisse accumsan tortor quis turpis.

Sed ante. Vivamus tortor. Duis mattis egestas metus.

#puce', 'Bancroft', 'Brittne', '2024-11-07 20:25:38', '2024-07-15 23:44:30'),
                                                                                                    ('lee', 'Quisque porta volutpat erat.', 'Quisque porta volutpat erat. Quisque erat eros, viverra eget, congue eget, semper rutrum, nulla. Nunc purus.

#fuscia', 'Sibyl', 'Felicia', '2024-07-23 03:14:59', '2024-09-23 12:59:16'),
                                                                                                    ('lee', 'In tempor, turpis nec euismod scelerisque, quam turpis adipiscing lorem, vitae mattis nibh ligula nec sem.', 'Cum sociis natoque penatibus et magnis dis parturient montes, nascetur ridiculus mus. Vivamus vestibulum sagittis sapien. Cum sociis natoque penatibus et magnis dis parturient montes, nascetur ridiculus mus.', 'Nikos', 'Brooks', '2024-05-26 23:29:09', '2024-10-30 22:20:34'),
                                                                                                    ('lee', 'Proin eu mi.', 'In sagittis dui vel nisl. Duis ac nibh. Fusce lacus purus, aliquet at, feugiat non, pretium quis, lectus.

Suspendisse potenti. In eleifend quam a odio. In hac habitasse platea dictumst.

Maecenas ut massa quis augue luctus tincidunt. Nulla mollis molestie lorem. Quisque ut erat.

#puce', 'Christa', 'Avrom', '2024-01-03 15:19:52', '2024-07-26 09:56:42'),
                                                                                                    ('lee', 'Vestibulum ante ipsum primis in faucibus orci luctus et ultrices posuere cubilia Curae; Mauris viverra diam vitae quam.', 'Quisque porta volutpat erat. Quisque erat eros, viverra eget, congue eget, semper rutrum, nulla. Nunc purus.

#pink', 'Kassey', 'Abbi', '2024-10-23 18:21:35', '2024-08-12 08:13:10'),
                                                                                                    ('lee', 'Fusce posuere felis sed lacus.', 'Phasellus sit amet erat. Nulla tempus. Vivamus in felis eu sapien cursus vestibulum.

#fuscia', 'Thebault', 'Adi', '2024-04-23 16:56:09', '2024-01-14 06:35:51'),
                                                                                                    ('lee', 'Vivamus metus arcu, adipiscing molestie, hendrerit at, vulputate vitae, nisl.', 'Cras non velit nec nisi vulputate nonummy. Maecenas tincidunt lacus at velit. Vivamus vel nulla eget eros elementum pellentesque.

Quisque porta volutpat erat. Quisque erat eros, viverra eget, congue eget, semper rutrum, nulla. Nunc purus.

Phasellus in felis. Donec semper sapien a libero. Nam dui.

#red', 'Claire', 'Alyson', '2024-06-05 04:03:52', '2024-04-21 16:51:40'),
                                                                                                    ('lee', 'Proin eu mi.', 'Integer tincidunt ante vel ipsum. Praesent blandit lacinia erat. Vestibulum sed magna at nunc commodo placerat.

Praesent blandit. Nam nulla. Integer pede justo, lacinia eget, tincidunt eget, tempus vel, pede.', 'Rodrick', 'Judd', '2024-09-15 04:12:40', '2024-07-16 08:11:59'),
                                                                                                    ('lee', 'Cras in purus eu magna vulputate luctus.', 'Vestibulum quam sapien, varius ut, blandit non, interdum in, ante. Vestibulum ante ipsum primis in faucibus orci luctus et ultrices posuere cubilia Curae; Duis faucibus accumsan odio. Curabitur convallis.

Duis consequat dui nec nisi volutpat eleifend. Donec ut dolor. Morbi vel lectus in quam fringilla rhoncus.

#turquoise', 'Heidi', 'Madlen', '2024-09-28 19:02:55', '2024-07-10 16:49:00'),
                                                                                                    ('lee', 'Lorem ipsum dolor sit amet, consectetuer adipiscing elit.', 'Duis bibendum, felis sed interdum venenatis, turpis enim blandit mi, in porttitor pede justo eu massa. Donec dapibus. Duis at velit eu est congue elementum.

In hac habitasse platea dictumst. Morbi vestibulum, velit id pretium iaculis, diam erat fermentum justo, nec condimentum neque sapien placerat ante. Nulla justo.

Aliquam quis turpis eget elit sodales scelerisque. Mauris sit amet eros. Suspendisse accumsan tortor quis turpis.

#blue', 'Yasmeen', 'Edie', '2024-12-29 02:35:31', '2024-09-28 00:32:13'),
                                                                                                    ('lee', 'Morbi vestibulum, velit id pretium iaculis, diam erat fermentum justo, nec condimentum neque sapien placerat ante.', 'In congue. Etiam justo. Etiam pretium iaculis justo.

In hac habitasse platea dictumst. Etiam faucibus cursus urna. Ut tellus.

Nulla ut erat id mauris vulputate elementum. Nullam varius. Nulla facilisi.

#pink', 'Abbot', 'Nicoline', '2024-01-30 03:12:36', '2024-06-05 04:08:51'),
                                                                                                    ('lee', 'Nulla suscipit ligula in lacus.', 'Duis aliquam convallis nunc. Proin at turpis a pede posuere nonummy. Integer non velit.

Donec diam neque, vestibulum eget, vulputate ut, ultrices vel, augue. Vestibulum ante ipsum primis in faucibus orci luctus et ultrices posuere cubilia Curae; Donec pharetra, magna vestibulum aliquet ultrices, erat tortor sollicitudin mi, sit amet lobortis sapien sapien non mi. Integer ac neque.

Duis bibendum. Morbi non quam nec dui luctus rutrum. Nulla tellus.', 'Guthry', 'Darla', '2024-05-17 21:21:38', '2024-12-25 10:06:03'),
                                                                                                    ('lee', 'Maecenas rhoncus aliquam lacus.', 'Nam ultrices, libero non mattis pulvinar, nulla pede ullamcorper augue, a suscipit nulla elit ac nulla. Sed vel enim sit amet nunc viverra dapibus. Nulla suscipit ligula in lacus.', 'Andris', 'Leigh', '2024-02-16 03:49:50', '2024-01-23 08:55:39'),
                                                                                                    ('lee', 'Vestibulum ac est lacinia nisi venenatis tristique.', 'Duis bibendum, felis sed interdum venenatis, turpis enim blandit mi, in porttitor pede justo eu massa. Donec dapibus. Duis at velit eu est congue elementum.

In hac habitasse platea dictumst. Morbi vestibulum, velit id pretium iaculis, diam erat fermentum justo, nec condimentum neque sapien placerat ante. Nulla justo.

Aliquam quis turpis eget elit sodales scelerisque. Mauris sit amet eros. Suspendisse accumsan tortor quis turpis.

#purple', 'Alika', 'Egbert', '2024-03-25 21:56:32', '2024-08-06 09:25:55'),
                                                                                                    ('lee', 'In congue.', 'Vestibulum quam sapien, varius ut, blandit non, interdum in, ante. Vestibulum ante ipsum primis in faucibus orci luctus et ultrices posuere cubilia Curae; Duis faucibus accumsan odio. Curabitur convallis.

#violet', 'Rosaleen', 'Laurel', '2024-05-31 02:31:10', '2024-05-25 07:40:17'),
                                                                                                    ('lee', 'Nam tristique tortor eu pede.', 'Vestibulum quam sapien, varius ut, blandit non, interdum in, ante. Vestibulum ante ipsum primis in faucibus orci luctus et ultrices posuere cubilia Curae; Duis faucibus accumsan odio. Curabitur convallis.

Duis consequat dui nec nisi volutpat eleifend. Donec ut dolor. Morbi vel lectus in quam fringilla rhoncus.

#turquoise', 'Rosie', 'Jeddy', '2024-04-21 13:04:12', '2024-12-21 21:27:10'),
                                                                                                    ('lee', 'In sagittis dui vel nisl.', 'Praesent id massa id nisl venenatis lacinia. Aenean sit amet justo. Morbi ut odio.

Cras mi pede, malesuada in, imperdiet et, commodo vulputate, justo. In blandit ultrices enim. Lorem ipsum dolor sit amet, consectetuer adipiscing elit.

Proin interdum mauris non ligula pellentesque ultrices. Phasellus id sapien in sapien iaculis congue. Vivamus metus arcu, adipiscing molestie, hendrerit at, vulputate vitae, nisl.

#purple', 'Hermann', 'Dynah', '2024-08-11 15:17:07', '2024-07-26 14:59:15'),
                                                                                                    ('lee', 'Ut tellus.', 'Fusce posuere felis sed lacus. Morbi sem mauris, laoreet ut, rhoncus aliquet, pulvinar sed, nisl. Nunc rhoncus dui vel sem.

Sed sagittis. Nam congue, risus semper porta volutpat, quam pede lobortis ligula, sit amet eleifend pede libero quis orci. Nullam molestie nibh in lectus.

Pellentesque at nulla. Suspendisse potenti. Cras in purus eu magna vulputate luctus.

#crimson', 'Blanch', 'Florinda', '2024-04-07 02:11:09', '2024-03-11 07:18:08'),
                                                                                                    ('lee', 'Pellentesque at nulla.', 'Praesent id massa id nisl venenatis lacinia. Aenean sit amet justo. Morbi ut odio.

Cras mi pede, malesuada in, imperdiet et, commodo vulputate, justo. In blandit ultrices enim. Lorem ipsum dolor sit amet, consectetuer adipiscing elit.

#teal', 'Gleda', 'Ellary', '2024-02-09 04:55:31', '2024-06-03 13:44:00'),
                                                                                                    ('lee', 'Donec odio justo, sollicitudin ut, suscipit a, feugiat et, eros.', 'Morbi non lectus. Aliquam sit amet diam in magna bibendum imperdiet. Nullam orci pede, venenatis non, sodales sed, tincidunt eu, felis.

Fusce posuere felis sed lacus. Morbi sem mauris, laoreet ut, rhoncus aliquet, pulvinar sed, nisl. Nunc rhoncus dui vel sem.

Sed sagittis. Nam congue, risus semper porta volutpat, quam pede lobortis ligula, sit amet eleifend pede libero quis orci. Nullam molestie nibh in lectus.

#red', 'Joete', 'Tedmund', '2024-02-24 21:47:59', '2024-03-26 22:36:33'),
                                                                                                    ('lee', 'Suspendisse potenti.', 'Vestibulum ac est lacinia nisi venenatis tristique. Fusce congue, diam id ornare imperdiet, sapien urna pretium nisl, ut volutpat sapien arcu sed augue. Aliquam erat volutpat.

In congue. Etiam justo. Etiam pretium iaculis justo.

In hac habitasse platea dictumst. Etiam faucibus cursus urna. Ut tellus.', 'Jamie', 'Alexa', '2024-08-06 04:32:39', '2024-02-19 12:04:36'),
                                                                                                    ('lee', 'Nulla suscipit ligula in lacus.', 'Curabitur in libero ut massa volutpat convallis. Morbi odio odio, elementum eu, interdum eu, tincidunt in, leo. Maecenas pulvinar lobortis est.

Phasellus sit amet erat. Nulla tempus. Vivamus in felis eu sapien cursus vestibulum.

#violet', 'Doris', 'Mendel', '2024-09-17 11:09:35', '2024-05-08 09:41:26'),
                                                                                                    ('lee', 'Nulla ac enim.', 'Integer tincidunt ante vel ipsum. Praesent blandit lacinia erat. Vestibulum sed magna at nunc commodo placerat.', 'Bartie', 'Tess', '2024-11-23 16:40:31', '2024-02-14 18:25:25'),
                                                                                                    ('lee', 'Morbi ut odio.', 'Proin interdum mauris non ligula pellentesque ultrices. Phasellus id sapien in sapien iaculis congue. Vivamus metus arcu, adipiscing molestie, hendrerit at, vulputate vitae, nisl.

#khaki', 'Sile', 'Bertram', '2024-07-05 03:55:44', '2024-04-26 06:11:20'),
                                                                                                    ('lee', 'Proin interdum mauris non ligula pellentesque ultrices.', 'In sagittis dui vel nisl. Duis ac nibh. Fusce lacus purus, aliquet at, feugiat non, pretium quis, lectus.

Suspendisse potenti. In eleifend quam a odio. In hac habitasse platea dictumst.

#orange', 'Stillman', 'Robinett', '2024-01-28 08:36:31', '2024-01-22 04:26:21'),
                                                                                                    ('lee', 'Lorem ipsum dolor sit amet, consectetuer adipiscing elit.', 'Integer ac leo. Pellentesque ultrices mattis odio. Donec vitae nisi.

Nam ultrices, libero non mattis pulvinar, nulla pede ullamcorper augue, a suscipit nulla elit ac nulla. Sed vel enim sit amet nunc viverra dapibus. Nulla suscipit ligula in lacus.

Curabitur at ipsum ac tellus semper interdum. Mauris ullamcorper purus sit amet nulla. Quisque arcu libero, rutrum ac, lobortis vel, dapibus at, diam.

#purple', 'Teresa', 'Geordie', '2024-10-01 23:56:53', '2024-03-14 14:48:32'),
                                                                                                    ('lee', 'Vivamus in felis eu sapien cursus vestibulum.', 'Etiam vel augue. Vestibulum rutrum rutrum neque. Aenean auctor gravida sem.

Praesent id massa id nisl venenatis lacinia. Aenean sit amet justo. Morbi ut odio.

#turquoise', 'Silvie', 'Ely', '2024-06-25 15:27:52', '2024-07-11 22:35:10'),
                                                                                                    ('lee', 'Sed ante.', 'Duis aliquam convallis nunc. Proin at turpis a pede posuere nonummy. Integer non velit.

Donec diam neque, vestibulum eget, vulputate ut, ultrices vel, augue. Vestibulum ante ipsum primis in faucibus orci luctus et ultrices posuere cubilia Curae; Donec pharetra, magna vestibulum aliquet ultrices, erat tortor sollicitudin mi, sit amet lobortis sapien sapien non mi. Integer ac neque.

Duis bibendum. Morbi non quam nec dui luctus rutrum. Nulla tellus.

#turquoise', 'Marline', 'Avigdor', '2024-10-28 11:05:02', '2024-01-01 22:59:45'),
                                                                                                    ('lee', 'Morbi non quam nec dui luctus rutrum.', 'Nullam porttitor lacus at turpis. Donec posuere metus vitae ipsum. Aliquam non mauris.

Morbi non lectus. Aliquam sit amet diam in magna bibendum imperdiet. Nullam orci pede, venenatis non, sodales sed, tincidunt eu, felis.

#fuscia', 'Bella', 'Redd', '2024-07-25 10:58:10', '2024-01-03 06:44:01'),
                                                                                                    ('lee', 'Donec ut mauris eget massa tempor convallis.', 'Phasellus in felis. Donec semper sapien a libero. Nam dui.

#maroon', 'Rubie', 'Gallard', '2024-04-17 00:00:13', '2024-01-01 16:09:42'),
                                                                                                    ('lee', 'Cum sociis natoque penatibus et magnis dis parturient montes, nascetur ridiculus mus.', 'In congue. Etiam justo. Etiam pretium iaculis justo.

In hac habitasse platea dictumst. Etiam faucibus cursus urna. Ut tellus.

Nulla ut erat id mauris vulputate elementum. Nullam varius. Nulla facilisi.

#yellow', 'Meghan', 'Bone', '2024-10-01 06:58:34', '2024-08-06 07:47:53'),
                                                                                                    ('lee', 'Integer non velit.', 'Vestibulum quam sapien, varius ut, blandit non, interdum in, ante. Vestibulum ante ipsum primis in faucibus orci luctus et ultrices posuere cubilia Curae; Duis faucibus accumsan odio. Curabitur convallis.

#orange', 'Meris', 'Griffin', '2024-04-19 01:54:16', '2024-04-23 08:04:24'),
                                                                                                    ('lee', 'Donec dapibus.', 'In congue. Etiam justo. Etiam pretium iaculis justo.

In hac habitasse platea dictumst. Etiam faucibus cursus urna. Ut tellus.

Nulla ut erat id mauris vulputate elementum. Nullam varius. Nulla facilisi.

#violet', 'Amy', 'Tann', '2024-05-06 13:30:44', '2024-12-04 03:54:16'),
                                                                                                    ('lee', 'Duis at velit eu est congue elementum.', 'Lorem ipsum dolor sit amet, consectetuer adipiscing elit. Proin risus. Praesent lectus.

Vestibulum quam sapien, varius ut, blandit non, interdum in, ante. Vestibulum ante ipsum primis in faucibus orci luctus et ultrices posuere cubilia Curae; Duis faucibus accumsan odio. Curabitur convallis.

#crimson', 'Colan', 'Anthe', '2024-11-27 23:07:19', '2024-04-21 19:58:19'),
                                                                                                    ('lee', 'Etiam justo.', 'Vestibulum ac est lacinia nisi venenatis tristique. Fusce congue, diam id ornare imperdiet, sapien urna pretium nisl, ut volutpat sapien arcu sed augue. Aliquam erat volutpat.

In congue. Etiam justo. Etiam pretium iaculis justo.', 'Honor', 'Fayina', '2024-05-14 16:02:48', '2024-01-07 21:17:52'),
                                                                                                    ('lee', 'Pellentesque eget nunc.', 'Sed ante. Vivamus tortor. Duis mattis egestas metus.

Aenean fermentum. Donec ut mauris eget massa tempor convallis. Nulla neque libero, convallis eget, eleifend luctus, ultricies eu, nibh.

Quisque id justo sit amet sapien dignissim vestibulum. Vestibulum ante ipsum primis in faucibus orci luctus et ultrices posuere cubilia Curae; Nulla dapibus dolor vel est. Donec odio justo, sollicitudin ut, suscipit a, feugiat et, eros.

#puce', 'Brooke', 'Demetris', '2024-11-14 19:35:48', '2024-09-27 23:55:31'),
                                                                                                    ('lee', 'Curabitur gravida nisi at nibh.', 'Duis bibendum. Morbi non quam nec dui luctus rutrum. Nulla tellus.

In sagittis dui vel nisl. Duis ac nibh. Fusce lacus purus, aliquet at, feugiat non, pretium quis, lectus.

#red', 'Regina', 'Son', '2024-09-05 08:18:57', '2024-08-29 18:59:01'),
                                                                                                    ('lee', 'Sed sagittis.', 'Morbi non lectus. Aliquam sit amet diam in magna bibendum imperdiet. Nullam orci pede, venenatis non, sodales sed, tincidunt eu, felis.

Fusce posuere felis sed lacus. Morbi sem mauris, laoreet ut, rhoncus aliquet, pulvinar sed, nisl. Nunc rhoncus dui vel sem.

Sed sagittis. Nam congue, risus semper porta volutpat, quam pede lobortis ligula, sit amet eleifend pede libero quis orci. Nullam molestie nibh in lectus.

#khaki', 'Matelda', 'Alla', '2024-09-08 21:13:52', '2024-07-02 08:49:38'),
                                                                                                    ('lee', 'Morbi porttitor lorem id ligula.', 'Sed sagittis. Nam congue, risus semper porta volutpat, quam pede lobortis ligula, sit amet eleifend pede libero quis orci. Nullam molestie nibh in lectus.

#turquoise', 'Brock', 'Ludwig', '2024-06-26 11:28:38', '2024-07-24 17:24:01'),
                                                                                                    ('lee', 'Fusce consequat.', 'Quisque porta volutpat erat. Quisque erat eros, viverra eget, congue eget, semper rutrum, nulla. Nunc purus.

#red', 'Kat', 'Zelig', '2024-09-24 11:37:56', '2024-07-12 13:57:43'),
                                                                                                    ('lee', 'Maecenas ut massa quis augue luctus tincidunt.', 'Nulla ut erat id mauris vulputate elementum. Nullam varius. Nulla facilisi.

Cras non velit nec nisi vulputate nonummy. Maecenas tincidunt lacus at velit. Vivamus vel nulla eget eros elementum pellentesque.

Quisque porta volutpat erat. Quisque erat eros, viverra eget, congue eget, semper rutrum, nulla. Nunc purus.

#blue', 'Thaddus', 'Merna', '2024-05-23 13:06:03', '2024-03-24 08:32:10'),
                                                                                                    ('lee', 'Pellentesque viverra pede ac diam.', 'Duis bibendum, felis sed interdum venenatis, turpis enim blandit mi, in porttitor pede justo eu massa. Donec dapibus. Duis at velit eu est congue elementum.

In hac habitasse platea dictumst. Morbi vestibulum, velit id pretium iaculis, diam erat fermentum justo, nec condimentum neque sapien placerat ante. Nulla justo.

Aliquam quis turpis eget elit sodales scelerisque. Mauris sit amet eros. Suspendisse accumsan tortor quis turpis.', 'Ronnie', 'Brittaney', '2024-12-26 19:23:32', '2024-09-05 19:27:21'),
                                                                                                    ('lee', 'In quis justo.', 'Integer ac leo. Pellentesque ultrices mattis odio. Donec vitae nisi.

Nam ultrices, libero non mattis pulvinar, nulla pede ullamcorper augue, a suscipit nulla elit ac nulla. Sed vel enim sit amet nunc viverra dapibus. Nulla suscipit ligula in lacus.

Curabitur at ipsum ac tellus semper interdum. Mauris ullamcorper purus sit amet nulla. Quisque arcu libero, rutrum ac, lobortis vel, dapibus at, diam.', 'Byron', 'Randy', '2024-08-18 13:40:37', '2024-12-28 08:34:19'),
                                                                                                    ('lee', 'Fusce consequat.', 'Lorem ipsum dolor sit amet, consectetuer adipiscing elit. Proin risus. Praesent lectus.

Vestibulum quam sapien, varius ut, blandit non, interdum in, ante. Vestibulum ante ipsum primis in faucibus orci luctus et ultrices posuere cubilia Curae; Duis faucibus accumsan odio. Curabitur convallis.', 'Neron', 'Christa', '2024-05-24 18:32:45', '2024-01-01 16:15:57'),
                                                                                                    ('lee', 'Lorem ipsum dolor sit amet, consectetuer adipiscing elit.', 'Donec diam neque, vestibulum eget, vulputate ut, ultrices vel, augue. Vestibulum ante ipsum primis in faucibus orci luctus et ultrices posuere cubilia Curae; Donec pharetra, magna vestibulum aliquet ultrices, erat tortor sollicitudin mi, sit amet lobortis sapien sapien non mi. Integer ac neque.

Duis bibendum. Morbi non quam nec dui luctus rutrum. Nulla tellus.

In sagittis dui vel nisl. Duis ac nibh. Fusce lacus purus, aliquet at, feugiat non, pretium quis, lectus.

#yellow', 'Merilee', 'Dolli', '2024-04-20 00:10:42', '2024-03-27 16:42:26'),
                                                                                                    ('lee', 'Proin at turpis a pede posuere nonummy.', 'Vestibulum quam sapien, varius ut, blandit non, interdum in, ante. Vestibulum ante ipsum primis in faucibus orci luctus et ultrices posuere cubilia Curae; Duis faucibus accumsan odio. Curabitur convallis.

Duis consequat dui nec nisi volutpat eleifend. Donec ut dolor. Morbi vel lectus in quam fringilla rhoncus.

Mauris enim leo, rhoncus sed, vestibulum sit amet, cursus id, turpis. Integer aliquet, massa id lobortis convallis, tortor risus dapibus augue, vel accumsan tellus nisi eu orci. Mauris lacinia sapien quis libero.

#indigo', 'Caron', 'Valle', '2024-11-23 23:38:55', '2024-03-23 16:50:35'),
                                                                                                    ('lee', 'Quisque arcu libero, rutrum ac, lobortis vel, dapibus at, diam.', 'Morbi porttitor lorem id ligula. Suspendisse ornare consequat lectus. In est risus, auctor sed, tristique in, tempus sit amet, sem.

#mauv', 'Delbert', 'Cammy', '2024-06-03 08:38:23', '2024-07-16 21:36:19'),
                                                                                                    ('lee', 'Vestibulum ante ipsum primis in faucibus orci luctus et ultrices posuere cubilia Curae; Nulla dapibus dolor vel est.', 'Maecenas leo odio, condimentum id, luctus nec, molestie sed, justo. Pellentesque viverra pede ac diam. Cras pellentesque volutpat dui.

Maecenas tristique, est et tempus semper, est quam pharetra magna, ac consequat metus sapien ut nunc. Vestibulum ante ipsum primis in faucibus orci luctus et ultrices posuere cubilia Curae; Mauris viverra diam vitae quam. Suspendisse potenti.

Nullam porttitor lacus at turpis. Donec posuere metus vitae ipsum. Aliquam non mauris.

#crimson', 'Konstantin', 'Sarine', '2024-12-21 13:46:23', '2024-12-27 03:46:03'),
                                                                                                    ('lee', 'Nunc purus.', 'Lorem ipsum dolor sit amet, consectetuer adipiscing elit. Proin risus. Praesent lectus.

Vestibulum quam sapien, varius ut, blandit non, interdum in, ante. Vestibulum ante ipsum primis in faucibus orci luctus et ultrices posuere cubilia Curae; Duis faucibus accumsan odio. Curabitur convallis.', 'Krysta', 'Euphemia', '2024-05-03 23:53:27', '2024-04-16 15:39:57'),
                                                                                                    ('lee', 'Etiam pretium iaculis justo.', 'Morbi non lectus. Aliquam sit amet diam in magna bibendum imperdiet. Nullam orci pede, venenatis non, sodales sed, tincidunt eu, felis.

#turquoise', 'Oliver', 'Clint', '2024-06-12 07:00:00', '2024-06-14 11:33:22'),
                                                                                                    ('lee', 'In quis justo.', 'Vestibulum quam sapien, varius ut, blandit non, interdum in, ante. Vestibulum ante ipsum primis in faucibus orci luctus et ultrices posuere cubilia Curae; Duis faucibus accumsan odio. Curabitur convallis.

#red', 'Vito', 'Bird', '2024-06-20 08:39:02', '2024-05-06 03:06:08'),
                                                                                                    ('lee', 'In sagittis dui vel nisl.', 'Integer ac leo. Pellentesque ultrices mattis odio. Donec vitae nisi.', 'Errick', 'Shirlee', '2024-08-18 08:08:42', '2024-11-04 15:44:08'),
                                                                                                    ('lee', 'Integer ac leo.', 'Nulla ut erat id mauris vulputate elementum. Nullam varius. Nulla facilisi.

Cras non velit nec nisi vulputate nonummy. Maecenas tincidunt lacus at velit. Vivamus vel nulla eget eros elementum pellentesque.

Quisque porta volutpat erat. Quisque erat eros, viverra eget, congue eget, semper rutrum, nulla. Nunc purus.

#puce', 'Benjamin', 'Arlie', '2024-11-23 02:21:46', '2024-02-13 07:35:14'),
                                                                                                    ('lee', 'Morbi non quam nec dui luctus rutrum.', 'Etiam vel augue. Vestibulum rutrum rutrum neque. Aenean auctor gravida sem.

Praesent id massa id nisl venenatis lacinia. Aenean sit amet justo. Morbi ut odio.

#yellow', 'Tessy', 'Nan', '2024-10-07 20:30:36', '2024-03-06 01:51:12'),
                                                                                                    ('lee', 'Nulla justo.', 'Aenean fermentum. Donec ut mauris eget massa tempor convallis. Nulla neque libero, convallis eget, eleifend luctus, ultricies eu, nibh.', 'Babette', 'Dudley', '2024-02-05 15:19:07', '2024-04-01 14:46:59'),
                                                                                                    ('lee', 'Aenean lectus.', 'Sed sagittis. Nam congue, risus semper porta volutpat, quam pede lobortis ligula, sit amet eleifend pede libero quis orci. Nullam molestie nibh in lectus.

Pellentesque at nulla. Suspendisse potenti. Cras in purus eu magna vulputate luctus.

Cum sociis natoque penatibus et magnis dis parturient montes, nascetur ridiculus mus. Vivamus vestibulum sagittis sapien. Cum sociis natoque penatibus et magnis dis parturient montes, nascetur ridiculus mus.

#yellow', 'Hoyt', 'Austina', '2024-06-26 18:20:38', '2024-02-20 16:09:49'),
                                                                                                    ('lee', 'Ut tellus.', 'Etiam vel augue. Vestibulum rutrum rutrum neque. Aenean auctor gravida sem.

Praesent id massa id nisl venenatis lacinia. Aenean sit amet justo. Morbi ut odio.', 'Wilmer', 'Ingra', '2024-07-19 14:18:17', '2024-01-23 17:29:54')
;


-- 300 댓글
insert into article_comment (article_id, user_id, content, created_at, modified_at, created_by, modified_by) values
                                                                                                                 (49, 'lee', 'Quisque id justo sit amet sapien dignissim vestibulum. Vestibulum ante ipsum primis in faucibus orci luctus et ultrices posuere cubilia Curae; Nulla dapibus dolor vel est. Donec odio justo, sollicitudin ut, suscipit a, feugiat et, eros.', '2024-03-02 22:40:04', '2024-04-27 15:38:09', 'Lind', 'Orv'),
                                                                                                                 (108, 'lee', 'Quisque id justo sit amet sapien dignissim vestibulum. Vestibulum ante ipsum primis in faucibus orci luctus et ultrices posuere cubilia Curae; Nulla dapibus dolor vel est. Donec odio justo, sollicitudin ut, suscipit a, feugiat et, eros.', '2024-06-08 04:36:02', '2024-01-25 15:35:42', 'Trstram', 'Loy'),
                                                                                                                 (31, 'lee2', 'Nam ultrices, libero non mattis pulvinar, nulla pede ullamcorper augue, a suscipit nulla elit ac nulla. Sed vel enim sit amet nunc viverra dapibus. Nulla suscipit ligula in lacus.', '2024-04-10 00:47:10', '2024-02-06 20:58:04', 'Duff', 'Early'),
                                                                                                                 (120, 'lee2', 'Lorem ipsum dolor sit amet, consectetuer adipiscing elit. Proin risus. Praesent lectus.', '2024-08-21 08:39:39', '2024-11-17 22:47:35', 'Sydney', 'Boony'),
                                                                                                                 (123, 'lee2', 'Aliquam quis turpis eget elit sodales scelerisque. Mauris sit amet eros. Suspendisse accumsan tortor quis turpis.', '2024-06-17 10:57:29', '2024-05-13 12:28:47', 'Burk', 'Markus'),
                                                                                                                 (39, 'lee2', 'In sagittis dui vel nisl. Duis ac nibh. Fusce lacus purus, aliquet at, feugiat non, pretium quis, lectus.', '2024-01-15 11:37:12', '2024-02-19 17:42:22', 'Calvin', 'Garreth'),
                                                                                                                 (30, 'lee2', 'Nam ultrices, libero non mattis pulvinar, nulla pede ullamcorper augue, a suscipit nulla elit ac nulla. Sed vel enim sit amet nunc viverra dapibus. Nulla suscipit ligula in lacus.', '2024-11-23 18:29:30', '2024-03-09 00:57:27', 'Kain', 'Brlee'),
                                                                                                                 (57, 'lee2', 'Sed sagittis. Nam congue, risus semper porta volutpat, quam pede lobortis ligula, sit amet eleifend pede libero quis orci. Nullam molestie nibh in lectus.', '2024-03-19 18:39:02', '2024-03-16 17:47:17', 'Kippie', 'Alexio'),
                                                                                                                 (41, 'lee2', 'Aliquam quis turpis eget elit sodales scelerisque. Mauris sit amet eros. Suspendisse accumsan tortor quis turpis.', '2024-03-21 16:34:30', '2024-03-17 15:18:55', 'Frannie', 'Horacio'),
                                                                                                                 (100, 'lee2', 'Proin eu mi. Nulla ac enim. In tempor, turpis nec euismod scelerisque, quam turpis adipiscing lorem, vitae mattis nibh ligula nec sem.', '2024-02-24 16:53:08', '2024-05-09 06:00:58', 'Osborn', 'Pren'),
                                                                                                                 (48, 'lee2', 'Integer ac leo. Pellentesque ultrices mattis odio. Donec vitae nisi.', '2024-03-29 08:26:41', '2024-11-22 20:55:26', 'Dorie', 'Georgie'),
                                                                                                                 (122, 'lee2', 'In hac habitasse platea dictumst. Morbi vestibulum, velit id pretium iaculis, diam erat fermentum justo, nec condimentum neque sapien placerat ante. Nulla justo.', '2024-06-12 07:38:25', '2024-03-03 07:14:43', 'Obed', 'Chrissy'),
                                                                                                                 (87, 'lee2', 'Phasellus sit amet erat. Nulla tempus. Vivamus in felis eu sapien cursus vestibulum.', '2024-05-11 08:47:16', '2024-04-13 00:47:50', 'Reinhard', 'Robbert'),
                                                                                                                 (100, 'lee2', 'Nam ultrices, libero non mattis pulvinar, nulla pede ullamcorper augue, a suscipit nulla elit ac nulla. Sed vel enim sit amet nunc viverra dapibus. Nulla suscipit ligula in lacus.', '2024-01-18 23:33:51', '2024-01-14 12:38:23', 'Clim', 'Chester'),
                                                                                                                 (22, 'lee2', 'Fusce posuere felis sed lacus. Morbi sem mauris, laoreet ut, rhoncus aliquet, pulvinar sed, nisl. Nunc rhoncus dui vel sem.', '2024-09-18 10:27:37', '2024-09-29 20:31:09', 'Odie', 'Britt'),
                                                                                                                 (97, 'lee2', 'Praesent blandit. Nam nulla. Integer pede justo, lacinia eget, tincidunt eget, tempus vel, pede.', '2024-12-14 01:55:52', '2024-11-02 15:12:00', 'Ulises', 'Denney'),
                                                                                                                 (103, 'lee2', 'Fusce consequat. Nulla nisl. Nunc nisl.', '2024-04-03 11:44:04', '2024-01-05 21:01:34', 'Kendricks', 'Aubert'),
                                                                                                                 (25, 'lee2', 'Vestibulum ac est lacinia nisi venenatis tristique. Fusce congue, diam id ornare imperdiet, sapien urna pretium nisl, ut volutpat sapien arcu sed augue. Aliquam erat volutpat.', '2024-05-25 09:46:40', '2024-10-10 18:46:59', 'Dal', 'Maxy'),
                                                                                                                 (91, 'lee2', 'Phasellus in felis. Donec semper sapien a libero. Nam dui.', '2024-04-29 23:36:48', '2024-12-03 12:08:48', 'Vaclav', 'Patric'),
                                                                                                                 (18, 'lee2', 'Curabitur gravida nisi at nibh. In hac habitasse platea dictumst. Aliquam augue quam, sollicitudin vitae, consectetuer eget, rutrum at, lorem.', '2024-09-26 00:29:13', '2024-07-10 01:44:07', 'Carl', 'Riley'),
                                                                                                                 (89, 'lee2', 'Sed sagittis. Nam congue, risus semper porta volutpat, quam pede lobortis ligula, sit amet eleifend pede libero quis orci. Nullam molestie nibh in lectus.', '2024-12-11 05:07:10', '2024-05-31 15:26:03', 'Dex', 'Wallas'),
                                                                                                                 (107, 'lee2', 'Donec diam neque, vestibulum eget, vulputate ut, ultrices vel, augue. Vestibulum ante ipsum primis in faucibus orci luctus et ultrices posuere cubilia Curae; Donec pharetra, magna vestibulum aliquet ultrices, erat tortor sollicitudin mi, sit amet lobortis sapien sapien non mi. Integer ac neque.', '2024-10-31 11:33:44', '2024-03-04 15:19:35', 'Lutero', 'Hussein'),
                                                                                                                 (90, 'lee2', 'Proin leo odio, porttitor id, consequat in, consequat ut, nulla. Sed accumsan felis. Ut at dolor quis odio consequat varius.', '2024-08-17 14:52:58', '2024-11-24 16:28:01', 'Garvy', 'Gris'),
                                                                                                                 (121, 'lee2', 'Proin leo odio, porttitor id, consequat in, consequat ut, nulla. Sed accumsan felis. Ut at dolor quis odio consequat varius.', '2024-02-17 16:50:19', '2024-01-31 09:21:51', 'Shayne', 'Stafford'),
                                                                                                                 (91, 'lee2', 'Proin interdum mauris non ligula pellentesque ultrices. Phasellus id sapien in sapien iaculis congue. Vivamus metus arcu, adipiscing molestie, hendrerit at, vulputate vitae, nisl.', '2024-06-23 10:06:39', '2024-10-27 22:04:41', 'Haze', 'Giraldo'),
                                                                                                                 (32, 'lee2', 'Pellentesque at nulla. Suspendisse potenti. Cras in purus eu magna vulputate luctus.', '2024-10-21 19:41:56', '2024-03-12 02:47:38', 'Cobbie', 'Thornton'),
                                                                                                                 (47, 'lee2', 'Fusce consequat. Nulla nisl. Nunc nisl.', '2024-05-02 07:45:04', '2024-06-26 13:36:44', 'Humfried', 'Bram'),
                                                                                                                 (92, 'lee2', 'Curabitur in libero ut massa volutpat convallis. Morbi odio odio, elementum eu, interdum eu, tincidunt in, leo. Maecenas pulvinar lobortis est.', '2024-10-22 04:46:24', '2024-07-06 02:25:34', 'Luis', 'Chicky'),
                                                                                                                 (76, 'lee2', 'Nam ultrices, libero non mattis pulvinar, nulla pede ullamcorper augue, a suscipit nulla elit ac nulla. Sed vel enim sit amet nunc viverra dapibus. Nulla suscipit ligula in lacus.', '2024-12-30 18:39:24', '2024-10-13 03:58:46', 'Derwin', 'Zacherie'),
                                                                                                                 (31, 'lee2', 'Etiam vel augue. Vestibulum rutrum rutrum neque. Aenean auctor gravida sem.', '2024-11-07 02:25:31', '2024-11-30 11:15:34', 'Boris', 'Egbert'),
                                                                                                                 (29, 'lee2', 'Nullam porttitor lacus at turpis. Donec posuere metus vitae ipsum. Aliquam non mauris.', '2024-11-27 19:03:53', '2024-02-16 07:42:30', 'Gabriel', 'Gary'),
                                                                                                                 (115, 'lee2', 'Quisque id justo sit amet sapien dignissim vestibulum. Vestibulum ante ipsum primis in faucibus orci luctus et ultrices posuere cubilia Curae; Nulla dapibus dolor vel est. Donec odio justo, sollicitudin ut, suscipit a, feugiat et, eros.', '2024-12-30 17:50:07', '2024-10-13 11:06:50', 'Gilles', 'Derrek'),
                                                                                                                 (106, 'lee2', 'In hac habitasse platea dictumst. Etiam faucibus cursus urna. Ut tellus.', '2024-06-10 02:26:59', '2024-12-17 18:00:38', 'Jodie', 'Whitney'),
                                                                                                                 (5, 'lee2', 'Nullam porttitor lacus at turpis. Donec posuere metus vitae ipsum. Aliquam non mauris.', '2024-04-16 12:44:52', '2024-01-19 17:32:59', 'Palmer', 'Orton'),
                                                                                                                 (115, 'lee2', 'Sed sagittis. Nam congue, risus semper porta volutpat, quam pede lobortis ligula, sit amet eleifend pede libero quis orci. Nullam molestie nibh in lectus.', '2024-09-09 05:12:56', '2024-07-31 05:07:35', 'Mahmoud', 'Urson'),
                                                                                                                 (112, 'lee2', 'Vestibulum ac est lacinia nisi venenatis tristique. Fusce congue, diam id ornare imperdiet, sapien urna pretium nisl, ut volutpat sapien arcu sed augue. Aliquam erat volutpat.', '2024-01-31 06:52:27', '2024-02-07 17:19:58', 'Dunn', 'Monti'),
                                                                                                                 (119, 'lee2', 'Curabitur gravida nisi at nibh. In hac habitasse platea dictumst. Aliquam augue quam, sollicitudin vitae, consectetuer eget, rutrum at, lorem.', '2024-03-20 10:06:32', '2024-07-28 14:45:35', 'Franz', 'Tris'),
                                                                                                                 (66, 'lee2', 'Integer ac leo. Pellentesque ultrices mattis odio. Donec vitae nisi.', '2024-09-11 09:32:59', '2024-03-17 01:22:39', 'Tony', 'Ikey'),
                                                                                                                 (36, 'lee2', 'Aliquam quis turpis eget elit sodales scelerisque. Mauris sit amet eros. Suspendisse accumsan tortor quis turpis.', '2024-03-04 17:43:07', '2024-10-08 16:20:32', 'Rees', 'Hubey'),
                                                                                                                 (104, 'lee2', 'Nullam sit amet turpis elementum ligula vehicula consequat. Morbi a ipsum. Integer a nibh.', '2024-07-11 18:23:15', '2024-06-09 13:23:03', 'Hall', 'Rollie'),
                                                                                                                 (63, 'lee2', 'Cras mi pede, malesuada in, imperdiet et, commodo vulputate, justo. In blandit ultrices enim. Lorem ipsum dolor sit amet, consectetuer adipiscing elit.', '2024-06-26 18:57:48', '2024-06-30 23:24:08', 'Keir', 'Ky'),
                                                                                                                 (99, 'lee2', 'Donec diam neque, vestibulum eget, vulputate ut, ultrices vel, augue. Vestibulum ante ipsum primis in faucibus orci luctus et ultrices posuere cubilia Curae; Donec pharetra, magna vestibulum aliquet ultrices, erat tortor sollicitudin mi, sit amet lobortis sapien sapien non mi. Integer ac neque.', '2024-10-03 02:36:13', '2024-11-27 11:12:43', 'Georgi', 'Thane'),
                                                                                                                 (17, 'lee2', 'Vestibulum ac est lacinia nisi venenatis tristique. Fusce congue, diam id ornare imperdiet, sapien urna pretium nisl, ut volutpat sapien arcu sed augue. Aliquam erat volutpat.', '2024-07-19 19:04:40', '2024-06-30 19:59:12', 'Oliver', 'Jarrad'),
                                                                                                                 (33, 'lee2', 'Donec diam neque, vestibulum eget, vulputate ut, ultrices vel, augue. Vestibulum ante ipsum primis in faucibus orci luctus et ultrices posuere cubilia Curae; Donec pharetra, magna vestibulum aliquet ultrices, erat tortor sollicitudin mi, sit amet lobortis sapien sapien non mi. Integer ac neque.', '2024-03-19 04:18:04', '2024-11-28 06:15:06', 'Elvin', 'Sunny'),
                                                                                                                 (102, 'lee2', 'Duis bibendum. Morbi non quam nec dui luctus rutrum. Nulla tellus.', '2024-11-28 18:39:57', '2024-06-24 11:01:37', 'Fax', 'Jayme'),
                                                                                                                 (28, 'lee2', 'In sagittis dui vel nisl. Duis ac nibh. Fusce lacus purus, aliquet at, feugiat non, pretium quis, lectus.', '2024-08-03 06:01:12', '2024-03-12 08:58:02', 'Eldon', 'Emory'),
                                                                                                                 (37, 'lee2', 'Phasellus sit amet erat. Nulla tempus. Vivamus in felis eu sapien cursus vestibulum.', '2024-05-31 02:48:41', '2024-10-21 23:00:17', 'Northrup', 'Bart'),
                                                                                                                 (75, 'lee2', 'Cras mi pede, malesuada in, imperdiet et, commodo vulputate, justo. In blandit ultrices enim. Lorem ipsum dolor sit amet, consectetuer adipiscing elit.', '2024-03-11 21:47:46', '2024-04-19 14:10:05', 'Timmie', 'Roma'),
                                                                                                                 (70, 'lee2', 'In sagittis dui vel nisl. Duis ac nibh. Fusce lacus purus, aliquet at, feugiat non, pretium quis, lectus.', '2024-10-30 16:41:56', '2024-09-06 14:43:59', 'Maximo', 'Eziechiele'),
                                                                                                                 (53, 'lee2', 'Quisque id justo sit amet sapien dignissim vestibulum. Vestibulum ante ipsum primis in faucibus orci luctus et ultrices posuere cubilia Curae; Nulla dapibus dolor vel est. Donec odio justo, sollicitudin ut, suscipit a, feugiat et, eros.', '2024-06-09 22:28:41', '2024-01-20 12:47:05', 'Myrvyn', 'Faulkner'),
                                                                                                                 (33, 'lee2', 'Aenean fermentum. Donec ut mauris eget massa tempor convallis. Nulla neque libero, convallis eget, eleifend luctus, ultricies eu, nibh.', '2024-11-18 08:10:04', '2024-10-15 12:18:35', 'Milty', 'Gordie'),
                                                                                                                 (41, 'lee2', 'Fusce posuere felis sed lacus. Morbi sem mauris, laoreet ut, rhoncus aliquet, pulvinar sed, nisl. Nunc rhoncus dui vel sem.', '2024-05-05 07:39:10', '2024-03-17 04:48:00', 'Guillaume', 'Holt'),
                                                                                                                 (103, 'lee2', 'Mauris enim leo, rhoncus sed, vestibulum sit amet, cursus id, turpis. Integer aliquet, massa id lobortis convallis, tortor risus dapibus augue, vel accumsan tellus nisi eu orci. Mauris lacinia sapien quis libero.', '2024-07-16 03:33:44', '2024-12-27 03:33:26', 'Cyrille', 'Ruprecht'),
                                                                                                                 (7, 'lee2', 'Praesent id massa id nisl venenatis lacinia. Aenean sit amet justo. Morbi ut odio.', '2024-01-04 16:06:48', '2024-06-11 14:41:17', 'Jervis', 'Base'),
                                                                                                                 (26, 'lee2', 'Aliquam quis turpis eget elit sodales scelerisque. Mauris sit amet eros. Suspendisse accumsan tortor quis turpis.', '2024-01-09 16:07:10', '2024-07-25 22:44:28', 'Nikolos', 'Stanly'),
                                                                                                                 (8, 'lee2', 'Integer ac leo. Pellentesque ultrices mattis odio. Donec vitae nisi.', '2024-02-14 01:02:43', '2024-01-10 03:11:26', 'Stefano', 'Hillel'),
                                                                                                                 (58, 'lee2', 'Morbi porttitor lorem id ligula. Suspendisse ornare consequat lectus. In est risus, auctor sed, tristique in, tempus sit amet, sem.', '2024-02-27 03:57:38', '2024-10-16 02:36:54', 'Flinn', 'Pembroke'),
                                                                                                                 (87, 'lee2', 'Duis bibendum. Morbi non quam nec dui luctus rutrum. Nulla tellus.', '2024-06-17 04:52:04', '2024-09-29 05:08:41', 'Tome', 'Nat'),
                                                                                                                 (11, 'lee2', 'Proin leo odio, porttitor id, consequat in, consequat ut, nulla. Sed accumsan felis. Ut at dolor quis odio consequat varius.', '2024-06-20 03:31:09', '2024-08-09 08:07:50', 'Garrick', 'Bailey'),
                                                                                                                 (103, 'lee2', 'Sed ante. Vivamus tortor. Duis mattis egestas metus.', '2024-01-15 03:35:49', '2024-08-19 05:46:11', 'Fonz', 'Mohandas'),
                                                                                                                 (119, 'lee2', 'Quisque id justo sit amet sapien dignissim vestibulum. Vestibulum ante ipsum primis in faucibus orci luctus et ultrices posuere cubilia Curae; Nulla dapibus dolor vel est. Donec odio justo, sollicitudin ut, suscipit a, feugiat et, eros.', '2024-10-19 22:27:28', '2024-03-18 00:32:07', 'Swen', 'My'),
                                                                                                                 (33, 'lee2', 'Cras mi pede, malesuada in, imperdiet et, commodo vulputate, justo. In blandit ultrices enim. Lorem ipsum dolor sit amet, consectetuer adipiscing elit.', '2024-01-23 21:02:14', '2024-07-22 18:04:02', 'Klement', 'Giordano'),
                                                                                                                 (118, 'lee2', 'Maecenas tristique, est et tempus semper, est quam pharetra magna, ac consequat metus sapien ut nunc. Vestibulum ante ipsum primis in faucibus orci luctus et ultrices posuere cubilia Curae; Mauris viverra diam vitae quam. Suspendisse potenti.', '2024-12-25 15:45:04', '2024-07-25 01:53:41', 'Alister', 'Gavan'),
                                                                                                                 (87, 'lee2', 'Mauris enim leo, rhoncus sed, vestibulum sit amet, cursus id, turpis. Integer aliquet, massa id lobortis convallis, tortor risus dapibus augue, vel accumsan tellus nisi eu orci. Mauris lacinia sapien quis libero.', '2024-03-13 11:05:05', '2024-04-24 11:01:30', 'Scotty', 'Pascal'),
                                                                                                                 (95, 'lee2', 'Proin interdum mauris non ligula pellentesque ultrices. Phasellus id sapien in sapien iaculis congue. Vivamus metus arcu, adipiscing molestie, hendrerit at, vulputate vitae, nisl.', '2024-08-21 20:13:53', '2024-05-28 10:09:16', 'Clevey', 'Bailey'),
                                                                                                                 (48, 'lee2', 'Etiam vel augue. Vestibulum rutrum rutrum neque. Aenean auctor gravida sem.', '2024-12-28 19:03:27', '2024-07-19 05:47:56', 'Grantham', 'Hadrian'),
                                                                                                                 (27, 'lee2', 'Integer ac leo. Pellentesque ultrices mattis odio. Donec vitae nisi.', '2024-09-08 06:14:44', '2024-03-08 01:09:46', 'Gardner', 'Zolly'),
                                                                                                                 (93, 'lee2', 'Nullam sit amet turpis elementum ligula vehicula consequat. Morbi a ipsum. Integer a nibh.', '2024-11-17 23:36:20', '2024-04-14 08:16:21', 'Jerome', 'Dev'),
                                                                                                                 (11, 'lee2', 'Fusce posuere felis sed lacus. Morbi sem mauris, laoreet ut, rhoncus aliquet, pulvinar sed, nisl. Nunc rhoncus dui vel sem.', '2024-06-13 21:19:56', '2024-10-29 10:51:51', 'Lincoln', 'Erwin'),
                                                                                                                 (68, 'lee2', 'In congue. Etiam justo. Etiam pretium iaculis justo.', '2024-08-30 18:51:16', '2024-04-04 13:02:51', 'Sky', 'Lindon'),
                                                                                                                 (103, 'lee2', 'Vestibulum quam sapien, varius ut, blandit non, interdum in, ante. Vestibulum ante ipsum primis in faucibus orci luctus et ultrices posuere cubilia Curae; Duis faucibus accumsan odio. Curabitur convallis.', '2024-05-25 13:40:27', '2024-07-08 18:29:16', 'Bary', 'Arri'),
                                                                                                                 (109, 'lee2', 'Sed sagittis. Nam congue, risus semper porta volutpat, quam pede lobortis ligula, sit amet eleifend pede libero quis orci. Nullam molestie nibh in lectus.', '2024-06-13 00:58:44', '2024-11-02 14:32:58', 'Rafael', 'Ivor'),
                                                                                                                 (86, 'lee2', 'In hac habitasse platea dictumst. Etiam faucibus cursus urna. Ut tellus.', '2024-01-25 01:28:11', '2024-04-17 01:10:19', 'Mathe', 'Mattie'),
                                                                                                                 (70, 'lee2', 'Maecenas leo odio, condimentum id, luctus nec, molestie sed, justo. Pellentesque viverra pede ac diam. Cras pellentesque volutpat dui.', '2024-04-12 21:18:27', '2024-07-01 12:03:21', 'Geoffrey', 'Tadeo'),
                                                                                                                 (37, 'lee2', 'Fusce consequat. Nulla nisl. Nunc nisl.', '2024-06-21 12:34:50', '2024-03-09 11:05:09', 'Powell', 'Winifield'),
                                                                                                                 (82, 'lee2', 'Etiam vel augue. Vestibulum rutrum rutrum neque. Aenean auctor gravida sem.', '2024-10-31 08:16:23', '2024-03-23 18:55:47', 'Winifield', 'Rolando'),
                                                                                                                 (69, 'lee2', 'Sed ante. Vivamus tortor. Duis mattis egestas metus.', '2024-03-29 13:14:38', '2024-03-23 01:58:27', 'Giordano', 'Averell'),
                                                                                                                 (23, 'lee2', 'Curabitur gravida nisi at nibh. In hac habitasse platea dictumst. Aliquam augue quam, sollicitudin vitae, consectetuer eget, rutrum at, lorem.', '2024-05-20 07:38:20', '2024-08-05 13:35:48', 'Lammond', 'Martie'),
                                                                                                                 (53, 'lee2', 'Sed sagittis. Nam congue, risus semper porta volutpat, quam pede lobortis ligula, sit amet eleifend pede libero quis orci. Nullam molestie nibh in lectus.', '2024-02-02 22:43:50', '2024-03-21 01:18:12', 'Tades', 'Jedidiah'),
                                                                                                                 (21, 'lee2', 'In congue. Etiam justo. Etiam pretium iaculis justo.', '2024-05-29 06:29:02', '2024-10-13 02:23:19', 'Germayne', 'Jermayne'),
                                                                                                                 (94, 'lee2', 'Donec diam neque, vestibulum eget, vulputate ut, ultrices vel, augue. Vestibulum ante ipsum primis in faucibus orci luctus et ultrices posuere cubilia Curae; Donec pharetra, magna vestibulum aliquet ultrices, erat tortor sollicitudin mi, sit amet lobortis sapien sapien non mi. Integer ac neque.', '2024-06-02 12:21:13', '2024-09-03 15:17:13', 'Gregory', 'Woodrow'),
                                                                                                                 (9, 'lee2', 'Sed ante. Vivamus tortor. Duis mattis egestas metus.', '2024-06-07 05:33:53', '2024-04-26 03:00:50', 'Theodore', 'Godwin'),
                                                                                                                 (74, 'lee2', 'Proin interdum mauris non ligula pellentesque ultrices. Phasellus id sapien in sapien iaculis congue. Vivamus metus arcu, adipiscing molestie, hendrerit at, vulputate vitae, nisl.', '2024-11-22 01:27:42', '2024-12-07 13:24:52', 'Richy', 'Garvin'),
                                                                                                                 (93, 'lee2', 'Suspendisse potenti. In eleifend quam a odio. In hac habitasse platea dictumst.', '2024-11-29 14:10:08', '2024-12-21 15:41:28', 'Skipp', 'Broderick'),
                                                                                                                 (66, 'lee2', 'Nulla ut erat id mauris vulputate elementum. Nullam varius. Nulla facilisi.', '2024-07-18 13:45:38', '2024-09-07 10:37:11', 'Kaine', 'Rooney'),
                                                                                                                 (46, 'lee2', 'Nullam sit amet turpis elementum ligula vehicula consequat. Morbi a ipsum. Integer a nibh.', '2024-09-08 17:42:59', '2024-08-28 15:12:30', 'Humfrid', 'Steffen'),
                                                                                                                 (26, 'lee2', 'Lorem ipsum dolor sit amet, consectetuer adipiscing elit. Proin risus. Praesent lectus.', '2024-01-22 19:23:45', '2024-04-19 07:53:02', 'Jamie', 'Reinaldos'),
                                                                                                                 (2, 'lee2', 'Nullam porttitor lacus at turpis. Donec posuere metus vitae ipsum. Aliquam non mauris.', '2024-02-23 17:42:56', '2024-10-09 08:03:13', 'Glynn', 'Truman'),
                                                                                                                 (15, 'lee2', 'Fusce posuere felis sed lacus. Morbi sem mauris, laoreet ut, rhoncus aliquet, pulvinar sed, nisl. Nunc rhoncus dui vel sem.', '2024-10-12 14:19:16', '2024-09-11 22:13:27', 'Maddy', 'Tynan'),
                                                                                                                 (96, 'lee2', 'Curabitur at ipsum ac tellus semper interdum. Mauris ullamcorper purus sit amet nulla. Quisque arcu libero, rutrum ac, lobortis vel, dapibus at, diam.', '2024-12-27 11:42:15', '2024-01-19 14:11:02', 'Merill', 'Kermit'),
                                                                                                                 (118, 'lee2', 'In sagittis dui vel nisl. Duis ac nibh. Fusce lacus purus, aliquet at, feugiat non, pretium quis, lectus.', '2024-07-30 23:57:48', '2024-11-13 11:45:31', 'Llewellyn', 'Welch'),
                                                                                                                 (118, 'lee2', 'Cras non velit nec nisi vulputate nonummy. Maecenas tincidunt lacus at velit. Vivamus vel nulla eget eros elementum pellentesque.', '2024-07-21 15:39:09', '2024-10-24 12:13:07', 'Augustine', 'Cash'),
                                                                                                                 (82, 'lee2', 'Maecenas tristique, est et tempus semper, est quam pharetra magna, ac consequat metus sapien ut nunc. Vestibulum ante ipsum primis in faucibus orci luctus et ultrices posuere cubilia Curae; Mauris viverra diam vitae quam. Suspendisse potenti.', '2024-04-10 22:46:57', '2024-10-07 06:49:09', 'Jermain', 'Felice'),
                                                                                                                 (17, 'lee2', 'Proin interdum mauris non ligula pellentesque ultrices. Phasellus id sapien in sapien iaculis congue. Vivamus metus arcu, adipiscing molestie, hendrerit at, vulputate vitae, nisl.', '2024-02-10 12:15:50', '2024-02-08 21:36:20', 'Ned', 'Marlow'),
                                                                                                                 (118, 'lee2', 'Maecenas leo odio, condimentum id, luctus nec, molestie sed, justo. Pellentesque viverra pede ac diam. Cras pellentesque volutpat dui.', '2024-04-28 19:26:22', '2024-04-01 16:32:22', 'Griswold', 'Brion'),
                                                                                                                 (37, 'lee2', 'Donec diam neque, vestibulum eget, vulputate ut, ultrices vel, augue. Vestibulum ante ipsum primis in faucibus orci luctus et ultrices posuere cubilia Curae; Donec pharetra, magna vestibulum aliquet ultrices, erat tortor sollicitudin mi, sit amet lobortis sapien sapien non mi. Integer ac neque.', '2024-04-23 15:49:37', '2024-12-14 18:20:38', 'Lemuel', 'Karel'),
                                                                                                                 (60, 'lee2', 'Nullam sit amet turpis elementum ligula vehicula consequat. Morbi a ipsum. Integer a nibh.', '2024-08-14 16:26:15', '2024-07-05 14:35:38', 'Yance', 'Henderson'),
                                                                                                                 (114, 'lee2', 'Quisque porta volutpat erat. Quisque erat eros, viverra eget, congue eget, semper rutrum, nulla. Nunc purus.', '2024-05-20 19:07:27', '2024-01-26 17:02:57', 'Munroe', 'Olvan'),
                                                                                                                 (20, 'lee2', 'Praesent blandit. Nam nulla. Integer pede justo, lacinia eget, tincidunt eget, tempus vel, pede.', '2024-08-30 20:30:28', '2024-09-11 10:18:50', 'Salim', 'Keene'),
                                                                                                                 (51, 'lee2', 'In hac habitasse platea dictumst. Morbi vestibulum, velit id pretium iaculis, diam erat fermentum justo, nec condimentum neque sapien placerat ante. Nulla justo.', '2024-03-08 12:55:54', '2024-07-12 23:56:12', 'Rustie', 'Lorne'),
                                                                                                                 (50, 'lee2', 'In hac habitasse platea dictumst. Morbi vestibulum, velit id pretium iaculis, diam erat fermentum justo, nec condimentum neque sapien placerat ante. Nulla justo.', '2024-10-13 17:57:44', '2024-05-10 21:31:48', 'Lorry', 'Alex'),
                                                                                                                 (43, 'lee2', 'Nam ultrices, libero non mattis pulvinar, nulla pede ullamcorper augue, a suscipit nulla elit ac nulla. Sed vel enim sit amet nunc viverra dapibus. Nulla suscipit ligula in lacus.', '2024-04-02 01:37:13', '2024-09-16 05:24:04', 'Leonidas', 'Fulton'),
                                                                                                                 (115, 'lee2', 'Lorem ipsum dolor sit amet, consectetuer adipiscing elit. Proin risus. Praesent lectus.', '2024-11-11 04:39:17', '2024-11-03 15:21:42', 'Marietta', 'Brnaba'),
                                                                                                                 (97, 'lee2', 'Proin interdum mauris non ligula pellentesque ultrices. Phasellus id sapien in sapien iaculis congue. Vivamus metus arcu, adipiscing molestie, hendrerit at, vulputate vitae, nisl.', '2024-01-31 06:45:18', '2024-03-10 22:17:41', 'Obie', 'Allard'),
                                                                                                                 (8, 'lee2', 'Cum sociis natoque penatibus et magnis dis parturient montes, nascetur ridiculus mus. Vivamus vestibulum sagittis sapien. Cum sociis natoque penatibus et magnis dis parturient montes, nascetur ridiculus mus.', '2024-08-25 23:41:07', '2024-04-19 09:14:12', 'Dru', 'Osborn'),
                                                                                                                 (11, 'lee2', 'In hac habitasse platea dictumst. Etiam faucibus cursus urna. Ut tellus.', '2024-11-28 19:55:06', '2024-09-22 19:59:06', 'Iain', 'Job'),
                                                                                                                 (43, 'lee2', 'Proin interdum mauris non ligula pellentesque ultrices. Phasellus id sapien in sapien iaculis congue. Vivamus metus arcu, adipiscing molestie, hendrerit at, vulputate vitae, nisl.', '2024-09-29 14:30:08', '2024-04-05 17:41:49', 'Rikki', 'Hymie'),
                                                                                                                 (31, 'lee2', 'Duis aliquam convallis nunc. Proin at turpis a pede posuere nonummy. Integer non velit.', '2024-10-05 20:08:45', '2024-10-31 14:59:42', 'Em', 'Aldric'),
                                                                                                                 (88, 'lee2', 'Aliquam quis turpis eget elit sodales scelerisque. Mauris sit amet eros. Suspendisse accumsan tortor quis turpis.', '2024-03-27 00:02:27', '2024-12-17 06:02:34', 'Burty', 'Martainn'),
                                                                                                                 (56, 'lee2', 'Morbi porttitor lorem id ligula. Suspendisse ornare consequat lectus. In est risus, auctor sed, tristique in, tempus sit amet, sem.', '2024-12-22 12:41:15', '2024-04-14 03:12:08', 'Garvin', 'Esra'),
                                                                                                                 (9, 'lee2', 'Fusce consequat. Nulla nisl. Nunc nisl.', '2024-05-29 13:08:55', '2024-08-01 08:38:29', 'Siward', 'Garey'),
                                                                                                                 (31, 'lee2', 'Vestibulum ac est lacinia nisi venenatis tristique. Fusce congue, diam id ornare imperdiet, sapien urna pretium nisl, ut volutpat sapien arcu sed augue. Aliquam erat volutpat.', '2024-12-15 19:49:25', '2024-01-27 19:49:47', 'Fran', 'Cece'),
                                                                                                                 (1, 'lee2', 'Proin eu mi. Nulla ac enim. In tempor, turpis nec euismod scelerisque, quam turpis adipiscing lorem, vitae mattis nibh ligula nec sem.', '2024-03-02 11:57:54', '2024-05-09 12:36:08', 'Torry', 'Rolando'),
                                                                                                                 (110, 'lee2', 'In quis justo. Maecenas rhoncus aliquam lacus. Morbi quis tortor id nulla ultrices aliquet.', '2024-07-27 01:40:15', '2024-06-25 16:54:44', 'Kevin', 'Chico'),
                                                                                                                 (78, 'lee2', 'Proin interdum mauris non ligula pellentesque ultrices. Phasellus id sapien in sapien iaculis congue. Vivamus metus arcu, adipiscing molestie, hendrerit at, vulputate vitae, nisl.', '2024-03-30 22:33:45', '2024-03-13 12:40:17', 'Xavier', 'Nicol'),
                                                                                                                 (73, 'lee2', 'Sed sagittis. Nam congue, risus semper porta volutpat, quam pede lobortis ligula, sit amet eleifend pede libero quis orci. Nullam molestie nibh in lectus.', '2024-11-26 19:26:39', '2024-04-14 20:32:25', 'Grannie', 'Cobbie'),
                                                                                                                 (20, 'lee2', 'Fusce consequat. Nulla nisl. Nunc nisl.', '2024-06-30 06:56:10', '2024-02-25 03:34:01', 'Haskell', 'Terence'),
                                                                                                                 (99, 'lee2', 'Duis aliquam convallis nunc. Proin at turpis a pede posuere nonummy. Integer non velit.', '2024-07-27 20:53:45', '2024-03-13 15:29:58', 'Nealy', 'Doyle'),
                                                                                                                 (58, 'lee2', 'Nullam sit amet turpis elementum ligula vehicula consequat. Morbi a ipsum. Integer a nibh.', '2024-08-04 21:54:34', '2024-05-17 14:36:46', 'Sibyl', 'Consalve'),
                                                                                                                 (33, 'lee2', 'Sed ante. Vivamus tortor. Duis mattis egestas metus.', '2024-08-12 10:07:09', '2024-02-14 00:36:15', 'Arvy', 'Tymothy'),
                                                                                                                 (111, 'lee2', 'Nullam sit amet turpis elementum ligula vehicula consequat. Morbi a ipsum. Integer a nibh.', '2024-09-16 06:12:57', '2024-09-04 15:51:30', 'Morten', 'Gerhard'),
                                                                                                                 (83, 'lee2', 'Curabitur at ipsum ac tellus semper interdum. Mauris ullamcorper purus sit amet nulla. Quisque arcu libero, rutrum ac, lobortis vel, dapibus at, diam.', '2024-12-16 10:24:39', '2024-02-25 21:15:30', 'Sheridan', 'Cash'),
                                                                                                                 (13, 'lee', 'In quis justo. Maecenas rhoncus aliquam lacus. Morbi quis tortor id nulla ultrices aliquet.', '2024-09-25 16:26:15', '2024-09-04 06:36:17', 'Heath', 'Irwinn'),
                                                                                                                 (47, 'lee', 'Proin eu mi. Nulla ac enim. In tempor, turpis nec euismod scelerisque, quam turpis adipiscing lorem, vitae mattis nibh ligula nec sem.', '2024-02-15 09:00:36', '2024-12-02 02:50:19', 'Bordy', 'Kliment'),
                                                                                                                 (37, 'lee', 'Duis consequat dui nec nisi volutpat eleifend. Donec ut dolor. Morbi vel lectus in quam fringilla rhoncus.', '2024-08-08 15:11:06', '2024-05-31 22:32:58', 'Graeme', 'Cody'),
                                                                                                                 (19, 'lee', 'Quisque id justo sit amet sapien dignissim vestibulum. Vestibulum ante ipsum primis in faucibus orci luctus et ultrices posuere cubilia Curae; Nulla dapibus dolor vel est. Donec odio justo, sollicitudin ut, suscipit a, feugiat et, eros.', '2024-01-29 18:57:18', '2024-10-01 12:57:33', 'Ram', 'Gino'),
                                                                                                                 (9, 'lee', 'Phasellus sit amet erat. Nulla tempus. Vivamus in felis eu sapien cursus vestibulum.', '2024-12-31 02:29:25', '2024-02-04 09:29:05', 'Umberto', 'Timotheus'),
                                                                                                                 (3, 'lee', 'Cras non velit nec nisi vulputate nonummy. Maecenas tincidunt lacus at velit. Vivamus vel nulla eget eros elementum pellentesque.', '2024-09-01 13:11:45', '2024-10-28 14:30:23', 'Juan', 'Forest'),
                                                                                                                 (97, 'lee', 'Praesent blandit. Nam nulla. Integer pede justo, lacinia eget, tincidunt eget, tempus vel, pede.', '2024-12-19 15:39:54', '2024-07-10 04:11:12', 'Urbanus', 'Noach'),
                                                                                                                 (88, 'lee', 'Suspendisse potenti. In eleifend quam a odio. In hac habitasse platea dictumst.', '2024-11-12 11:38:06', '2024-12-13 15:21:53', 'Zack', 'Jammal'),
                                                                                                                 (20, 'lee', 'Duis bibendum. Morbi non quam nec dui luctus rutrum. Nulla tellus.', '2024-10-20 18:22:32', '2024-07-10 16:15:54', 'Norrie', 'Barny'),
                                                                                                                 (93, 'lee', 'Curabitur gravida nisi at nibh. In hac habitasse platea dictumst. Aliquam augue quam, sollicitudin vitae, consectetuer eget, rutrum at, lorem.', '2024-09-08 08:49:05', '2024-02-27 04:15:27', 'Donn', 'Adan'),
                                                                                                                 (61, 'lee', 'In hac habitasse platea dictumst. Morbi vestibulum, velit id pretium iaculis, diam erat fermentum justo, nec condimentum neque sapien placerat ante. Nulla justo.', '2024-06-24 16:06:45', '2024-10-31 08:38:22', 'Paxton', 'Stevy'),
                                                                                                                 (73, 'lee', 'Sed sagittis. Nam congue, risus semper porta volutpat, quam pede lobortis ligula, sit amet eleifend pede libero quis orci. Nullam molestie nibh in lectus.', '2024-03-11 20:20:34', '2024-04-19 22:24:56', 'Carolus', 'Niven'),
                                                                                                                 (60, 'lee', 'Aenean fermentum. Donec ut mauris eget massa tempor convallis. Nulla neque libero, convallis eget, eleifend luctus, ultricies eu, nibh.', '2024-10-12 16:46:55', '2024-05-08 14:42:18', 'Cameron', 'Beniamino'),
                                                                                                                 (41, 'lee', 'Maecenas tristique, est et tempus semper, est quam pharetra magna, ac consequat metus sapien ut nunc. Vestibulum ante ipsum primis in faucibus orci luctus et ultrices posuere cubilia Curae; Mauris viverra diam vitae quam. Suspendisse potenti.', '2024-03-16 05:38:39', '2024-02-26 21:41:53', 'Flint', 'Artur'),
                                                                                                                 (116, 'lee', 'Phasellus sit amet erat. Nulla tempus. Vivamus in felis eu sapien cursus vestibulum.', '2024-08-15 22:55:29', '2024-09-22 03:03:29', 'Efren', 'Carrol'),
                                                                                                                 (113, 'lee', 'Proin interdum mauris non ligula pellentesque ultrices. Phasellus id sapien in sapien iaculis congue. Vivamus metus arcu, adipiscing molestie, hendrerit at, vulputate vitae, nisl.', '2024-06-13 10:25:18', '2024-10-27 10:34:16', 'Nevins', 'Caspar'),
                                                                                                                 (86, 'lee', 'Curabitur in libero ut massa volutpat convallis. Morbi odio odio, elementum eu, interdum eu, tincidunt in, leo. Maecenas pulvinar lobortis est.', '2024-04-12 11:14:15', '2024-02-13 09:33:29', 'Carrol', 'Isac'),
                                                                                                                 (122, 'lee', 'Proin interdum mauris non ligula pellentesque ultrices. Phasellus id sapien in sapien iaculis congue. Vivamus metus arcu, adipiscing molestie, hendrerit at, vulputate vitae, nisl.', '2024-11-30 20:48:06', '2024-02-19 12:25:33', 'Dagny', 'Silvain'),
                                                                                                                 (42, 'lee', 'Curabitur at ipsum ac tellus semper interdum. Mauris ullamcorper purus sit amet nulla. Quisque arcu libero, rutrum ac, lobortis vel, dapibus at, diam.', '2024-09-29 09:08:16', '2024-01-29 16:01:20', 'Thurstan', 'Vidovic'),
                                                                                                                 (3, 'lee', 'Aliquam quis turpis eget elit sodales scelerisque. Mauris sit amet eros. Suspendisse accumsan tortor quis turpis.', '2024-02-10 03:27:32', '2024-11-07 23:23:44', 'Jerrold', 'Mac'),
                                                                                                                 (92, 'lee', 'Proin interdum mauris non ligula pellentesque ultrices. Phasellus id sapien in sapien iaculis congue. Vivamus metus arcu, adipiscing molestie, hendrerit at, vulputate vitae, nisl.', '2024-09-24 15:03:04', '2024-03-09 13:36:02', 'Tommie', 'Uriel'),
                                                                                                                 (3, 'lee', 'In sagittis dui vel nisl. Duis ac nibh. Fusce lacus purus, aliquet at, feugiat non, pretium quis, lectus.', '2024-03-18 14:50:37', '2024-04-25 15:04:11', 'Desi', 'Patrizius'),
                                                                                                                 (24, 'lee', 'In congue. Etiam justo. Etiam pretium iaculis justo.', '2024-04-26 17:14:34', '2024-07-04 04:58:06', 'Frederigo', 'Heath'),
                                                                                                                 (62, 'lee', 'Suspendisse potenti. In eleifend quam a odio. In hac habitasse platea dictumst.', '2024-07-30 17:36:48', '2024-02-22 02:50:31', 'Conroy', 'Ralf'),
                                                                                                                 (49, 'lee', 'Proin leo odio, porttitor id, consequat in, consequat ut, nulla. Sed accumsan felis. Ut at dolor quis odio consequat varius.', '2024-06-30 07:55:25', '2024-05-01 04:31:05', 'Carolus', 'Kiley'),
                                                                                                                 (11, 'lee', 'Proin eu mi. Nulla ac enim. In tempor, turpis nec euismod scelerisque, quam turpis adipiscing lorem, vitae mattis nibh ligula nec sem.', '2024-11-30 02:55:08', '2024-12-17 10:25:02', 'Killian', 'Ewell'),
                                                                                                                 (3, 'lee', 'Proin leo odio, porttitor id, consequat in, consequat ut, nulla. Sed accumsan felis. Ut at dolor quis odio consequat varius.', '2024-10-17 05:31:12', '2024-12-19 13:25:46', 'Gary', 'Korey'),
                                                                                                                 (89, 'lee', 'Proin interdum mauris non ligula pellentesque ultrices. Phasellus id sapien in sapien iaculis congue. Vivamus metus arcu, adipiscing molestie, hendrerit at, vulputate vitae, nisl.', '2024-05-16 00:33:39', '2024-04-21 11:16:34', 'Jeth', 'Shem'),
                                                                                                                 (104, 'lee', 'Phasellus in felis. Donec semper sapien a libero. Nam dui.', '2024-04-11 19:12:30', '2024-07-28 21:58:46', 'Archambault', 'Elwyn'),
                                                                                                                 (120, 'lee', 'Maecenas leo odio, condimentum id, luctus nec, molestie sed, justo. Pellentesque viverra pede ac diam. Cras pellentesque volutpat dui.', '2024-11-09 07:48:20', '2024-05-25 01:18:53', 'Owen', 'Aldrich'),
                                                                                                                 (119, 'lee', 'Duis bibendum. Morbi non quam nec dui luctus rutrum. Nulla tellus.', '2024-12-11 18:39:03', '2024-05-29 15:07:40', 'Fleming', 'Kaine'),
                                                                                                                 (71, 'lee', 'Proin leo odio, porttitor id, consequat in, consequat ut, nulla. Sed accumsan felis. Ut at dolor quis odio consequat varius.', '2024-09-22 10:07:58', '2024-06-29 20:27:29', 'Gianni', 'Leroi'),
                                                                                                                 (45, 'lee', 'Proin interdum mauris non ligula pellentesque ultrices. Phasellus id sapien in sapien iaculis congue. Vivamus metus arcu, adipiscing molestie, hendrerit at, vulputate vitae, nisl.', '2024-06-03 15:54:44', '2024-01-21 14:50:05', 'Saundra', 'Timofei'),
                                                                                                                 (78, 'lee', 'Etiam vel augue. Vestibulum rutrum rutrum neque. Aenean auctor gravida sem.', '2024-05-19 04:22:01', '2024-02-23 20:41:21', 'Raphael', 'Earl'),
                                                                                                                 (29, 'lee', 'Phasellus sit amet erat. Nulla tempus. Vivamus in felis eu sapien cursus vestibulum.', '2024-02-14 18:22:02', '2024-03-16 18:55:35', 'Thorstein', 'Boycie'),
                                                                                                                 (14, 'lee', 'Nullam sit amet turpis elementum ligula vehicula consequat. Morbi a ipsum. Integer a nibh.', '2024-12-12 21:27:12', '2024-01-13 21:51:23', 'Haywood', 'Orland'),
                                                                                                                 (36, 'lee', 'In congue. Etiam justo. Etiam pretium iaculis justo.', '2024-12-04 23:26:12', '2024-06-24 00:39:21', 'Arley', 'Bealle'),
                                                                                                                 (16, 'lee', 'Proin eu mi. Nulla ac enim. In tempor, turpis nec euismod scelerisque, quam turpis adipiscing lorem, vitae mattis nibh ligula nec sem.', '2024-10-20 22:49:39', '2024-09-16 21:40:00', 'Gerik', 'Tom'),
                                                                                                                 (30, 'lee', 'Phasellus sit amet erat. Nulla tempus. Vivamus in felis eu sapien cursus vestibulum.', '2024-04-22 18:41:14', '2024-02-14 23:42:46', 'Kimbell', 'Avigdor'),
                                                                                                                 (119, 'lee', 'Fusce posuere felis sed lacus. Morbi sem mauris, laoreet ut, rhoncus aliquet, pulvinar sed, nisl. Nunc rhoncus dui vel sem.', '2024-11-05 20:30:44', '2024-08-23 04:17:55', 'Manny', 'Roth'),
                                                                                                                 (49, 'lee', 'Lorem ipsum dolor sit amet, consectetuer adipiscing elit. Proin risus. Praesent lectus.', '2024-03-30 20:19:39', '2024-11-11 18:15:08', 'Clare', 'Frants'),
                                                                                                                 (53, 'lee', 'Integer tincidunt ante vel ipsum. Praesent blandit lacinia erat. Vestibulum sed magna at nunc commodo placerat.', '2024-07-25 16:59:57', '2024-12-26 16:40:39', 'Verge', 'Uriel'),
                                                                                                                 (58, 'lee', 'Fusce posuere felis sed lacus. Morbi sem mauris, laoreet ut, rhoncus aliquet, pulvinar sed, nisl. Nunc rhoncus dui vel sem.', '2024-10-24 00:02:07', '2024-05-14 21:38:51', 'Tobe', 'Padraig'),
                                                                                                                 (97, 'lee', 'Mauris enim leo, rhoncus sed, vestibulum sit amet, cursus id, turpis. Integer aliquet, massa id lobortis convallis, tortor risus dapibus augue, vel accumsan tellus nisi eu orci. Mauris lacinia sapien quis libero.', '2024-03-15 03:17:22', '2024-03-09 07:40:08', 'Tommy', 'Stanton'),
                                                                                                                 (58, 'lee', 'Fusce posuere felis sed lacus. Morbi sem mauris, laoreet ut, rhoncus aliquet, pulvinar sed, nisl. Nunc rhoncus dui vel sem.', '2024-02-17 15:44:23', '2024-05-12 19:09:44', 'Addy', 'Georas'),
                                                                                                                 (18, 'lee', 'Vestibulum ac est lacinia nisi venenatis tristique. Fusce congue, diam id ornare imperdiet, sapien urna pretium nisl, ut volutpat sapien arcu sed augue. Aliquam erat volutpat.', '2024-01-14 07:16:57', '2024-01-18 13:43:16', 'Salem', 'Franklin'),
                                                                                                                 (48, 'lee', 'In quis justo. Maecenas rhoncus aliquam lacus. Morbi quis tortor id nulla ultrices aliquet.', '2024-03-25 20:09:14', '2024-06-05 06:26:54', 'Wang', 'Gunner'),
                                                                                                                 (1, 'lee', 'Vestibulum quam sapien, varius ut, blandit non, interdum in, ante. Vestibulum ante ipsum primis in faucibus orci luctus et ultrices posuere cubilia Curae; Duis faucibus accumsan odio. Curabitur convallis.', '2024-10-28 04:52:36', '2024-12-25 06:43:01', 'Brendan', 'Rouvin'),
                                                                                                                 (102, 'lee', 'Nam ultrices, libero non mattis pulvinar, nulla pede ullamcorper augue, a suscipit nulla elit ac nulla. Sed vel enim sit amet nunc viverra dapibus. Nulla suscipit ligula in lacus.', '2024-06-13 23:00:54', '2024-03-02 16:25:07', 'Bran', 'Chet'),
                                                                                                                 (105, 'lee', 'Donec diam neque, vestibulum eget, vulputate ut, ultrices vel, augue. Vestibulum ante ipsum primis in faucibus orci luctus et ultrices posuere cubilia Curae; Donec pharetra, magna vestibulum aliquet ultrices, erat tortor sollicitudin mi, sit amet lobortis sapien sapien non mi. Integer ac neque.', '2024-07-23 01:10:10', '2024-10-09 04:58:11', 'My', 'Conny'),
                                                                                                                 (1, 'lee', 'Nulla ut erat id mauris vulputate elementum. Nullam varius. Nulla facilisi.', '2024-06-15 07:11:35', '2024-11-10 07:57:55', 'Raimondo', 'Lou'),
                                                                                                                 (87, 'lee', 'Phasellus sit amet erat. Nulla tempus. Vivamus in felis eu sapien cursus vestibulum.', '2024-04-12 09:26:39', '2024-02-05 04:29:18', 'Curry', 'Gian'),
                                                                                                                 (113, 'lee', 'Maecenas ut massa quis augue luctus tincidunt. Nulla mollis molestie lorem. Quisque ut erat.', '2024-04-14 23:17:12', '2024-12-21 20:18:49', 'Raleigh', 'Marlon'),
                                                                                                                 (74, 'lee', 'Fusce posuere felis sed lacus. Morbi sem mauris, laoreet ut, rhoncus aliquet, pulvinar sed, nisl. Nunc rhoncus dui vel sem.', '2024-10-26 17:58:35', '2024-01-27 11:45:17', 'Lauren', 'Hoebart'),
                                                                                                                 (28, 'lee', 'Suspendisse potenti. In eleifend quam a odio. In hac habitasse platea dictumst.', '2024-05-17 07:57:54', '2024-03-16 07:48:16', 'Tonnie', 'Borden'),
                                                                                                                 (47, 'lee', 'Proin leo odio, porttitor id, consequat in, consequat ut, nulla. Sed accumsan felis. Ut at dolor quis odio consequat varius.', '2024-07-30 20:29:36', '2024-12-29 07:52:24', 'Galvin', 'Olenolin'),
                                                                                                                 (104, 'lee', 'In congue. Etiam justo. Etiam pretium iaculis justo.', '2024-07-16 13:21:55', '2024-02-18 15:51:26', 'Burty', 'Nicky'),
                                                                                                                 (121, 'lee', 'Duis bibendum. Morbi non quam nec dui luctus rutrum. Nulla tellus.', '2024-02-02 04:12:07', '2024-12-07 02:32:36', 'Ashton', 'Galvin'),
                                                                                                                 (12, 'lee', 'Nulla ut erat id mauris vulputate elementum. Nullam varius. Nulla facilisi.', '2024-10-18 21:01:27', '2024-10-02 00:45:14', 'Pacorro', 'Johan'),
                                                                                                                 (62, 'lee', 'Quisque porta volutpat erat. Quisque erat eros, viverra eget, congue eget, semper rutrum, nulla. Nunc purus.', '2024-02-26 12:57:07', '2024-05-28 13:25:39', 'Chip', 'Lazaro'),
                                                                                                                 (3, 'lee', 'Cras non velit nec nisi vulputate nonummy. Maecenas tincidunt lacus at velit. Vivamus vel nulla eget eros elementum pellentesque.', '2024-08-09 03:26:07', '2024-11-24 20:01:46', 'Odey', 'Alasdair'),
                                                                                                                 (111, 'lee', 'Nullam porttitor lacus at turpis. Donec posuere metus vitae ipsum. Aliquam non mauris.', '2024-09-11 06:11:36', '2024-02-08 18:50:27', 'Francis', 'Clywd'),
                                                                                                                 (15, 'lee', 'Duis consequat dui nec nisi volutpat eleifend. Donec ut dolor. Morbi vel lectus in quam fringilla rhoncus.', '2024-10-28 03:52:43', '2024-05-07 04:46:57', 'Ambros', 'Allistir'),
                                                                                                                 (63, 'lee', 'Praesent blandit. Nam nulla. Integer pede justo, lacinia eget, tincidunt eget, tempus vel, pede.', '2024-02-26 11:44:06', '2024-04-04 10:50:51', 'Godwin', 'Darn'),
                                                                                                                 (64, 'lee', 'Cum sociis natoque penatibus et magnis dis parturient montes, nascetur ridiculus mus. Vivamus vestibulum sagittis sapien. Cum sociis natoque penatibus et magnis dis parturient montes, nascetur ridiculus mus.', '2024-09-18 01:26:49', '2024-10-18 22:02:35', 'Saw', 'Hersch'),
                                                                                                                 (75, 'lee', 'Phasellus sit amet erat. Nulla tempus. Vivamus in felis eu sapien cursus vestibulum.', '2024-05-07 22:15:22', '2024-04-09 04:53:46', 'Jonas', 'Walther'),
                                                                                                                 (115, 'lee', 'Integer tincidunt ante vel ipsum. Praesent blandit lacinia erat. Vestibulum sed magna at nunc commodo placerat.', '2024-01-09 09:24:31', '2024-11-23 05:50:30', 'Maison', 'Rutledge'),
                                                                                                                 (66, 'lee', 'Phasellus in felis. Donec semper sapien a libero. Nam dui.', '2024-04-29 15:50:03', '2024-10-09 05:24:40', 'Warde', 'Ezra'),
                                                                                                                 (113, 'lee', 'Aenean fermentum. Donec ut mauris eget massa tempor convallis. Nulla neque libero, convallis eget, eleifend luctus, ultricies eu, nibh.', '2024-11-27 02:08:50', '2024-09-17 23:44:27', 'Beale', 'John'),
                                                                                                                 (22, 'lee', 'Duis bibendum. Morbi non quam nec dui luctus rutrum. Nulla tellus.', '2024-12-07 04:27:25', '2024-08-01 16:35:36', 'Stephanus', 'Woodie'),
                                                                                                                 (101, 'lee', 'Maecenas ut massa quis augue luctus tincidunt. Nulla mollis molestie lorem. Quisque ut erat.', '2024-01-09 23:00:02', '2024-02-03 16:50:34', 'Kendrick', 'Stevie'),
                                                                                                                 (74, 'lee', 'Phasellus sit amet erat. Nulla tempus. Vivamus in felis eu sapien cursus vestibulum.', '2024-11-13 17:40:36', '2024-05-24 19:48:38', 'Renato', 'Lazar'),
                                                                                                                 (117, 'lee', 'Vestibulum ac est lacinia nisi venenatis tristique. Fusce congue, diam id ornare imperdiet, sapien urna pretium nisl, ut volutpat sapien arcu sed augue. Aliquam erat volutpat.', '2024-04-07 23:37:24', '2024-07-31 23:54:24', 'Clim', 'Kerwin'),
                                                                                                                 (109, 'lee', 'Phasellus sit amet erat. Nulla tempus. Vivamus in felis eu sapien cursus vestibulum.', '2024-06-01 10:19:17', '2024-05-05 01:35:40', 'Merry', 'Alejoa'),
                                                                                                                 (35, 'lee', 'Morbi non lectus. Aliquam sit amet diam in magna bibendum imperdiet. Nullam orci pede, venenatis non, sodales sed, tincidunt eu, felis.', '2024-07-26 04:44:47', '2024-08-04 20:39:24', 'Hank', 'Bronnie'),
                                                                                                                 (58, 'lee', 'Integer tincidunt ante vel ipsum. Praesent blandit lacinia erat. Vestibulum sed magna at nunc commodo placerat.', '2024-06-05 17:56:40', '2024-12-16 06:08:45', 'Pembroke', 'Rudolfo'),
                                                                                                                 (94, 'lee', 'Morbi porttitor lorem id ligula. Suspendisse ornare consequat lectus. In est risus, auctor sed, tristique in, tempus sit amet, sem.', '2024-07-27 15:28:41', '2024-02-03 15:56:24', 'Skye', 'Travus'),
                                                                                                                 (110, 'lee', 'Duis bibendum. Morbi non quam nec dui luctus rutrum. Nulla tellus.', '2024-05-13 08:24:45', '2024-11-05 10:30:53', 'Anatole', 'Josh'),
                                                                                                                 (38, 'lee', 'Integer ac leo. Pellentesque ultrices mattis odio. Donec vitae nisi.', '2024-01-03 09:28:12', '2024-06-15 10:09:44', 'Wolfy', 'Denver'),
                                                                                                                 (112, 'lee', 'In quis justo. Maecenas rhoncus aliquam lacus. Morbi quis tortor id nulla ultrices aliquet.', '2024-10-28 06:09:00', '2024-04-18 09:32:47', 'Ave', 'Samson'),
                                                                                                                 (55, 'lee', 'Nulla ut erat id mauris vulputate elementum. Nullam varius. Nulla facilisi.', '2024-03-30 07:04:00', '2024-06-11 23:16:21', 'Merrick', 'Taddeo'),
                                                                                                                 (38, 'lee', 'Duis aliquam convallis nunc. Proin at turpis a pede posuere nonummy. Integer non velit.', '2024-05-12 15:07:01', '2024-03-01 11:26:25', 'Lamar', 'Denver'),
                                                                                                                 (57, 'lee', 'Pellentesque at nulla. Suspendisse potenti. Cras in purus eu magna vulputate luctus.', '2024-07-19 19:58:41', '2024-01-09 10:16:22', 'Marc', 'Dudley'),
                                                                                                                 (110, 'lee', 'Morbi porttitor lorem id ligula. Suspendisse ornare consequat lectus. In est risus, auctor sed, tristique in, tempus sit amet, sem.', '2024-10-10 12:35:10', '2024-06-08 16:03:44', 'Cirilo', 'Hewie'),
                                                                                                                 (16, 'lee', 'Proin interdum mauris non ligula pellentesque ultrices. Phasellus id sapien in sapien iaculis congue. Vivamus metus arcu, adipiscing molestie, hendrerit at, vulputate vitae, nisl.', '2024-09-15 20:31:58', '2024-09-10 04:08:45', 'Parnell', 'Justen'),
                                                                                                                 (77, 'lee', 'Donec diam neque, vestibulum eget, vulputate ut, ultrices vel, augue. Vestibulum ante ipsum primis in faucibus orci luctus et ultrices posuere cubilia Curae; Donec pharetra, magna vestibulum aliquet ultrices, erat tortor sollicitudin mi, sit amet lobortis sapien sapien non mi. Integer ac neque.', '2024-10-10 05:06:58', '2024-03-07 18:41:41', 'Wait', 'Jefferey'),
                                                                                                                 (80, 'lee', 'In congue. Etiam justo. Etiam pretium iaculis justo.', '2024-11-29 14:56:54', '2024-08-11 08:38:14', 'Oliver', 'Gordan'),
                                                                                                                 (93, 'lee', 'Sed ante. Vivamus tortor. Duis mattis egestas metus.', '2024-08-08 12:08:41', '2024-02-21 14:20:28', 'Boy', 'Erhard'),
                                                                                                                 (21, 'lee', 'Nullam porttitor lacus at turpis. Donec posuere metus vitae ipsum. Aliquam non mauris.', '2024-02-02 10:37:42', '2024-07-07 09:13:50', 'Kingsley', 'Cristiano'),
                                                                                                                 (121, 'lee', 'Vestibulum ac est lacinia nisi venenatis tristique. Fusce congue, diam id ornare imperdiet, sapien urna pretium nisl, ut volutpat sapien arcu sed augue. Aliquam erat volutpat.', '2024-05-01 16:02:15', '2024-03-16 04:57:53', 'Jack', 'Emerson'),
                                                                                                                 (81, 'lee', 'Nullam porttitor lacus at turpis. Donec posuere metus vitae ipsum. Aliquam non mauris.', '2024-10-06 07:22:15', '2024-04-13 18:38:19', 'Shadow', 'Olivero'),
                                                                                                                 (115, 'lee', 'Curabitur at ipsum ac tellus semper interdum. Mauris ullamcorper purus sit amet nulla. Quisque arcu libero, rutrum ac, lobortis vel, dapibus at, diam.', '2024-08-21 18:30:28', '2024-01-27 04:56:23', 'Torrance', 'Jay'),
                                                                                                                 (71, 'lee', 'Proin interdum mauris non ligula pellentesque ultrices. Phasellus id sapien in sapien iaculis congue. Vivamus metus arcu, adipiscing molestie, hendrerit at, vulputate vitae, nisl.', '2024-07-14 22:27:52', '2024-12-20 14:06:44', 'Griz', 'Rice'),
                                                                                                                 (10, 'lee', 'Duis consequat dui nec nisi volutpat eleifend. Donec ut dolor. Morbi vel lectus in quam fringilla rhoncus.', '2024-09-22 03:34:12', '2024-08-02 23:30:33', 'Johnathan', 'Gasper'),
                                                                                                                 (83, 'lee', 'Lorem ipsum dolor sit amet, consectetuer adipiscing elit. Proin risus. Praesent lectus.', '2024-11-09 09:44:05', '2024-09-27 16:32:41', 'Krishnah', 'Gauthier'),
                                                                                                                 (65, 'lee', 'Duis consequat dui nec nisi volutpat eleifend. Donec ut dolor. Morbi vel lectus in quam fringilla rhoncus.', '2024-06-05 10:03:50', '2024-04-03 21:14:02', 'Padraig', 'Hagan'),
                                                                                                                 (65, 'lee', 'Fusce posuere felis sed lacus. Morbi sem mauris, laoreet ut, rhoncus aliquet, pulvinar sed, nisl. Nunc rhoncus dui vel sem.', '2024-02-08 03:59:27', '2024-01-05 18:54:29', 'Marven', 'Cesaro'),
                                                                                                                 (40, 'lee', 'Fusce consequat. Nulla nisl. Nunc nisl.', '2024-09-10 06:18:43', '2024-01-05 12:44:51', 'Iggy', 'Giffer'),
                                                                                                                 (40, 'lee', 'Curabitur gravida nisi at nibh. In hac habitasse platea dictumst. Aliquam augue quam, sollicitudin vitae, consectetuer eget, rutrum at, lorem.', '2024-11-24 21:14:01', '2024-07-24 00:45:50', 'Tanner', 'Alasdair'),
                                                                                                                 (53, 'lee', 'Curabitur in libero ut massa volutpat convallis. Morbi odio odio, elementum eu, interdum eu, tincidunt in, leo. Maecenas pulvinar lobortis est.', '2024-04-30 20:09:55', '2024-07-19 23:40:23', 'Germain', 'Raffaello'),
                                                                                                                 (35, 'lee', 'Cum sociis natoque penatibus et magnis dis parturient montes, nascetur ridiculus mus. Vivamus vestibulum sagittis sapien. Cum sociis natoque penatibus et magnis dis parturient montes, nascetur ridiculus mus.', '2024-09-23 19:49:04', '2024-07-17 12:46:19', 'Pat', 'Lynn'),
                                                                                                                 (108, 'lee', 'Praesent blandit. Nam nulla. Integer pede justo, lacinia eget, tincidunt eget, tempus vel, pede.', '2024-02-26 17:41:27', '2024-06-19 13:50:02', 'Ancell', 'Zack'),
                                                                                                                 (123, 'lee', 'Proin interdum mauris non ligula pellentesque ultrices. Phasellus id sapien in sapien iaculis congue. Vivamus metus arcu, adipiscing molestie, hendrerit at, vulputate vitae, nisl.', '2024-04-02 23:38:41', '2024-05-25 09:51:50', 'Augustus', 'Noak'),
                                                                                                                 (10, 'lee', 'Vestibulum ac est lacinia nisi venenatis tristique. Fusce congue, diam id ornare imperdiet, sapien urna pretium nisl, ut volutpat sapien arcu sed augue. Aliquam erat volutpat.', '2024-08-04 16:14:43', '2024-05-14 16:24:37', 'Verne', 'Jae'),
                                                                                                                 (70, 'lee', 'Donec diam neque, vestibulum eget, vulputate ut, ultrices vel, augue. Vestibulum ante ipsum primis in faucibus orci luctus et ultrices posuere cubilia Curae; Donec pharetra, magna vestibulum aliquet ultrices, erat tortor sollicitudin mi, sit amet lobortis sapien sapien non mi. Integer ac neque.', '2024-11-06 06:46:35', '2024-01-10 16:32:48', 'Guillermo', 'Donavon'),
                                                                                                                 (66, 'lee', 'Sed sagittis. Nam congue, risus semper porta volutpat, quam pede lobortis ligula, sit amet eleifend pede libero quis orci. Nullam molestie nibh in lectus.', '2024-01-14 20:49:05', '2024-02-17 00:51:12', 'Ermin', 'Eugenius'),
                                                                                                                 (60, 'lee', 'Quisque id justo sit amet sapien dignissim vestibulum. Vestibulum ante ipsum primis in faucibus orci luctus et ultrices posuere cubilia Curae; Nulla dapibus dolor vel est. Donec odio justo, sollicitudin ut, suscipit a, feugiat et, eros.', '2024-10-31 12:14:52', '2024-12-16 14:05:55', 'Beniamino', 'Lucius'),
                                                                                                                 (86, 'lee', 'Donec diam neque, vestibulum eget, vulputate ut, ultrices vel, augue. Vestibulum ante ipsum primis in faucibus orci luctus et ultrices posuere cubilia Curae; Donec pharetra, magna vestibulum aliquet ultrices, erat tortor sollicitudin mi, sit amet lobortis sapien sapien non mi. Integer ac neque.', '2024-05-14 17:45:54', '2024-11-04 17:25:01', 'Roman', 'Pippo'),
                                                                                                                 (46, 'lee', 'In hac habitasse platea dictumst. Morbi vestibulum, velit id pretium iaculis, diam erat fermentum justo, nec condimentum neque sapien placerat ante. Nulla justo.', '2024-12-30 18:54:39', '2024-10-27 17:51:06', 'Laird', 'Rooney'),
                                                                                                                 (109, 'lee', 'Phasellus in felis. Donec semper sapien a libero. Nam dui.', '2024-02-15 22:55:20', '2024-05-19 06:29:30', 'Harwell', 'Hamish'),
                                                                                                                 (29, 'lee', 'Vestibulum quam sapien, varius ut, blandit non, interdum in, ante. Vestibulum ante ipsum primis in faucibus orci luctus et ultrices posuere cubilia Curae; Duis faucibus accumsan odio. Curabitur convallis.', '2024-03-03 14:41:45', '2024-08-21 19:45:03', 'Farrell', 'Putnam'),
                                                                                                                 (4, 'lee', 'Duis bibendum, felis sed interdum venenatis, turpis enim blandit mi, in porttitor pede justo eu massa. Donec dapibus. Duis at velit eu est congue elementum.', '2024-05-07 23:41:49', '2024-07-20 15:05:46', 'Cullan', 'Brenden'),
                                                                                                                 (72, 'lee', 'Quisque id justo sit amet sapien dignissim vestibulum. Vestibulum ante ipsum primis in faucibus orci luctus et ultrices posuere cubilia Curae; Nulla dapibus dolor vel est. Donec odio justo, sollicitudin ut, suscipit a, feugiat et, eros.', '2024-01-21 09:58:07', '2024-09-30 10:22:58', 'Reinhard', 'Gustav'),
                                                                                                                 (103, 'lee', 'Proin eu mi. Nulla ac enim. In tempor, turpis nec euismod scelerisque, quam turpis adipiscing lorem, vitae mattis nibh ligula nec sem.', '2024-06-21 04:54:38', '2024-02-04 14:03:34', 'Redford', 'Odey'),
                                                                                                                 (3, 'lee', 'Duis aliquam convallis nunc. Proin at turpis a pede posuere nonummy. Integer non velit.', '2024-07-03 22:53:01', '2024-12-17 02:16:19', 'Onofredo', 'Burnard'),
                                                                                                                 (47, 'lee', 'In congue. Etiam justo. Etiam pretium iaculis justo.', '2024-04-14 07:12:05', '2024-01-25 09:31:18', 'Ludwig', 'Bink'),
                                                                                                                 (108, 'lee', 'Cras mi pede, malesuada in, imperdiet et, commodo vulputate, justo. In blandit ultrices enim. Lorem ipsum dolor sit amet, consectetuer adipiscing elit.', '2024-01-29 06:11:21', '2024-11-28 10:36:30', 'Brose', 'Dory'),
                                                                                                                 (18, 'lee', 'Curabitur in libero ut massa volutpat convallis. Morbi odio odio, elementum eu, interdum eu, tincidunt in, leo. Maecenas pulvinar lobortis est.', '2024-07-11 22:57:32', '2024-12-29 13:13:47', 'Jorgan', 'Tully'),
                                                                                                                 (122, 'lee', 'Quisque porta volutpat erat. Quisque erat eros, viverra eget, congue eget, semper rutrum, nulla. Nunc purus.', '2024-07-07 11:28:36', '2024-01-11 22:25:11', 'Noak', 'Randi'),
                                                                                                                 (10, 'lee', 'Duis bibendum, felis sed interdum venenatis, turpis enim blandit mi, in porttitor pede justo eu massa. Donec dapibus. Duis at velit eu est congue elementum.', '2024-01-28 04:18:05', '2024-03-15 00:49:20', 'Robers', 'Lucien'),
                                                                                                                 (100, 'lee', 'In quis justo. Maecenas rhoncus aliquam lacus. Morbi quis tortor id nulla ultrices aliquet.', '2024-10-21 10:15:11', '2024-07-15 02:29:24', 'Ellwood', 'Haley'),
                                                                                                                 (109, 'lee', 'In sagittis dui vel nisl. Duis ac nibh. Fusce lacus purus, aliquet at, feugiat non, pretium quis, lectus.', '2024-09-20 02:30:44', '2024-02-23 21:10:19', 'Rand', 'Farr'),
                                                                                                                 (7, 'lee', 'Aenean fermentum. Donec ut mauris eget massa tempor convallis. Nulla neque libero, convallis eget, eleifend luctus, ultricies eu, nibh.', '2024-03-30 03:51:17', '2024-03-12 03:31:28', 'Benn', 'Felicio'),
                                                                                                                 (3, 'lee', 'In hac habitasse platea dictumst. Etiam faucibus cursus urna. Ut tellus.', '2024-09-28 17:14:00', '2024-11-10 07:58:33', 'Bram', 'Reamonn'),
                                                                                                                 (19, 'lee', 'Nam ultrices, libero non mattis pulvinar, nulla pede ullamcorper augue, a suscipit nulla elit ac nulla. Sed vel enim sit amet nunc viverra dapibus. Nulla suscipit ligula in lacus.', '2024-11-21 02:15:09', '2024-09-26 07:25:00', 'Tobiah', 'Elvyn'),
                                                                                                                 (29, 'lee', 'Integer ac leo. Pellentesque ultrices mattis odio. Donec vitae nisi.', '2024-06-17 22:45:24', '2024-02-22 00:27:48', 'Tuckie', 'Alano'),
                                                                                                                 (38, 'lee', 'Praesent blandit. Nam nulla. Integer pede justo, lacinia eget, tincidunt eget, tempus vel, pede.', '2024-03-08 06:05:41', '2024-08-23 14:39:11', 'Torrey', 'Lincoln'),
                                                                                                                 (89, 'lee', 'Praesent blandit. Nam nulla. Integer pede justo, lacinia eget, tincidunt eget, tempus vel, pede.', '2024-05-02 07:48:14', '2024-04-21 23:59:10', 'Sheppard', 'Mordy'),
                                                                                                                 (37, 'lee', 'Quisque porta volutpat erat. Quisque erat eros, viverra eget, congue eget, semper rutrum, nulla. Nunc purus.', '2024-09-23 10:38:38', '2024-09-28 17:28:23', 'Alasteir', 'Rodolph'),
                                                                                                                 (96, 'lee', 'Curabitur at ipsum ac tellus semper interdum. Mauris ullamcorper purus sit amet nulla. Quisque arcu libero, rutrum ac, lobortis vel, dapibus at, diam.', '2024-12-13 02:05:08', '2024-08-13 20:19:31', 'Curcio', 'Frankie'),
                                                                                                                 (9, 'lee', 'Curabitur in libero ut massa volutpat convallis. Morbi odio odio, elementum eu, interdum eu, tincidunt in, leo. Maecenas pulvinar lobortis est.', '2024-08-03 08:05:59', '2024-07-18 13:07:29', 'Randal', 'Lowrance'),
                                                                                                                 (95, 'lee', 'Proin interdum mauris non ligula pellentesque ultrices. Phasellus id sapien in sapien iaculis congue. Vivamus metus arcu, adipiscing molestie, hendrerit at, vulputate vitae, nisl.', '2024-05-23 16:26:14', '2024-01-27 15:13:11', 'Corbin', 'Gardy'),
                                                                                                                 (41, 'lee', 'In hac habitasse platea dictumst. Morbi vestibulum, velit id pretium iaculis, diam erat fermentum justo, nec condimentum neque sapien placerat ante. Nulla justo.', '2024-04-12 18:28:56', '2024-09-16 06:18:28', 'Sammie', 'Jerrold'),
                                                                                                                 (80, 'lee', 'Aliquam quis turpis eget elit sodales scelerisque. Mauris sit amet eros. Suspendisse accumsan tortor quis turpis.', '2024-02-20 22:12:07', '2024-05-20 15:04:18', 'Abram', 'Foster'),
                                                                                                                 (46, 'lee', 'Fusce posuere felis sed lacus. Morbi sem mauris, laoreet ut, rhoncus aliquet, pulvinar sed, nisl. Nunc rhoncus dui vel sem.', '2024-02-05 14:12:10', '2024-04-21 22:37:57', 'Rusty', 'Martin'),
                                                                                                                 (117, 'lee', 'Morbi porttitor lorem id ligula. Suspendisse ornare consequat lectus. In est risus, auctor sed, tristique in, tempus sit amet, sem.', '2024-08-30 23:52:53', '2024-04-13 04:02:26', 'Mohammed', 'Roman'),
                                                                                                                 (117, 'lee', 'Maecenas tristique, est et tempus semper, est quam pharetra magna, ac consequat metus sapien ut nunc. Vestibulum ante ipsum primis in faucibus orci luctus et ultrices posuere cubilia Curae; Mauris viverra diam vitae quam. Suspendisse potenti.', '2024-11-28 01:58:02', '2024-12-21 11:52:52', 'Tomas', 'Lorry'),
                                                                                                                 (102, 'lee', 'Curabitur at ipsum ac tellus semper interdum. Mauris ullamcorper purus sit amet nulla. Quisque arcu libero, rutrum ac, lobortis vel, dapibus at, diam.', '2024-02-07 07:54:20', '2024-01-26 07:40:14', 'Laurence', 'Obediah'),
                                                                                                                 (105, 'lee', 'Aenean fermentum. Donec ut mauris eget massa tempor convallis. Nulla neque libero, convallis eget, eleifend luctus, ultricies eu, nibh.', '2024-12-07 21:09:27', '2024-02-25 05:08:10', 'Doyle', 'Manolo'),
                                                                                                                 (31, 'lee', 'Maecenas leo odio, condimentum id, luctus nec, molestie sed, justo. Pellentesque viverra pede ac diam. Cras pellentesque volutpat dui.', '2024-06-08 17:54:29', '2024-04-09 21:42:54', 'Alfons', 'Merrel'),
                                                                                                                 (104, 'lee', 'Cras mi pede, malesuada in, imperdiet et, commodo vulputate, justo. In blandit ultrices enim. Lorem ipsum dolor sit amet, consectetuer adipiscing elit.', '2024-02-15 00:43:19', '2024-05-11 00:01:36', 'Barris', 'Thayne'),
                                                                                                                 (6, 'lee', 'Vestibulum ac est lacinia nisi venenatis tristique. Fusce congue, diam id ornare imperdiet, sapien urna pretium nisl, ut volutpat sapien arcu sed augue. Aliquam erat volutpat.', '2024-08-23 18:08:15', '2024-02-14 18:46:55', 'Chester', 'Raimund'),
                                                                                                                 (23, 'lee', 'Proin eu mi. Nulla ac enim. In tempor, turpis nec euismod scelerisque, quam turpis adipiscing lorem, vitae mattis nibh ligula nec sem.', '2024-08-22 05:10:51', '2024-11-14 05:48:36', 'Gunner', 'Daryle'),
                                                                                                                 (9, 'lee', 'Vestibulum quam sapien, varius ut, blandit non, interdum in, ante. Vestibulum ante ipsum primis in faucibus orci luctus et ultrices posuere cubilia Curae; Duis faucibus accumsan odio. Curabitur convallis.', '2024-07-08 21:49:32', '2024-10-16 05:19:59', 'Garey', 'Newton'),
                                                                                                                 (61, 'lee', 'Vestibulum ac est lacinia nisi venenatis tristique. Fusce congue, diam id ornare imperdiet, sapien urna pretium nisl, ut volutpat sapien arcu sed augue. Aliquam erat volutpat.', '2024-02-16 21:02:31', '2024-03-14 09:32:46', 'Pryce', 'Ruggiero'),
                                                                                                                 (60, 'lee', 'Vestibulum ac est lacinia nisi venenatis tristique. Fusce congue, diam id ornare imperdiet, sapien urna pretium nisl, ut volutpat sapien arcu sed augue. Aliquam erat volutpat.', '2024-07-01 14:11:02', '2024-01-05 14:35:41', 'Alphonse', 'Jimmie'),
                                                                                                                 (66, 'lee', 'In congue. Etiam justo. Etiam pretium iaculis justo.', '2024-07-21 22:00:47', '2024-04-15 01:34:52', 'Francesco', 'Sigismond'),
                                                                                                                 (110, 'lee', 'Maecenas ut massa quis augue luctus tincidunt. Nulla mollis molestie lorem. Quisque ut erat.', '2024-01-20 13:04:44', '2024-07-23 13:46:46', 'Lee', 'Hillie'),
                                                                                                                 (49, 'lee', 'Curabitur in libero ut massa volutpat convallis. Morbi odio odio, elementum eu, interdum eu, tincidunt in, leo. Maecenas pulvinar lobortis est.', '2024-08-17 22:15:55', '2024-08-14 18:08:06', 'Xerxes', 'Gavan'),
                                                                                                                 (30, 'lee', 'Praesent id massa id nisl venenatis lacinia. Aenean sit amet justo. Morbi ut odio.', '2024-01-01 09:01:26', '2024-02-05 06:06:11', 'Nilson', 'Abramo'),
                                                                                                                 (66, 'lee', 'Maecenas leo odio, condimentum id, luctus nec, molestie sed, justo. Pellentesque viverra pede ac diam. Cras pellentesque volutpat dui.', '2024-03-19 18:31:00', '2024-02-02 18:13:43', 'Efrem', 'Nappie'),
                                                                                                                 (20, 'lee', 'Sed sagittis. Nam congue, risus semper porta volutpat, quam pede lobortis ligula, sit amet eleifend pede libero quis orci. Nullam molestie nibh in lectus.', '2024-08-10 09:50:08', '2024-06-10 09:21:44', 'Killy', 'Link'),
                                                                                                                 (60, 'lee', 'Quisque id justo sit amet sapien dignissim vestibulum. Vestibulum ante ipsum primis in faucibus orci luctus et ultrices posuere cubilia Curae; Nulla dapibus dolor vel est. Donec odio justo, sollicitudin ut, suscipit a, feugiat et, eros.', '2024-07-01 11:17:44', '2024-06-12 14:47:11', 'Redd', 'Findlay'),
                                                                                                                 (84, 'lee', 'Curabitur in libero ut massa volutpat convallis. Morbi odio odio, elementum eu, interdum eu, tincidunt in, leo. Maecenas pulvinar lobortis est.', '2024-11-20 19:24:29', '2024-07-09 22:30:51', 'Jermaine', 'Giordano'),
                                                                                                                 (16, 'lee', 'Proin interdum mauris non ligula pellentesque ultrices. Phasellus id sapien in sapien iaculis congue. Vivamus metus arcu, adipiscing molestie, hendrerit at, vulputate vitae, nisl.', '2024-03-31 15:02:53', '2024-01-27 10:41:22', 'Nevins', 'Tades'),
                                                                                                                 (24, 'lee', 'Aenean lectus. Pellentesque eget nunc. Donec quis orci eget orci vehicula condimentum.', '2024-12-14 16:08:30', '2024-07-27 17:14:42', 'Ford', 'Bert'),
                                                                                                                 (118, 'lee', 'Aliquam quis turpis eget elit sodales scelerisque. Mauris sit amet eros. Suspendisse accumsan tortor quis turpis.', '2024-04-06 13:22:24', '2024-03-22 21:55:23', 'Derward', 'Gilberto'),
                                                                                                                 (80, 'lee', 'Curabitur in libero ut massa volutpat convallis. Morbi odio odio, elementum eu, interdum eu, tincidunt in, leo. Maecenas pulvinar lobortis est.', '2024-11-11 14:40:19', '2024-03-18 04:28:34', 'Raynard', 'Harmon'),
                                                                                                                 (15, 'lee', 'Aliquam quis turpis eget elit sodales scelerisque. Mauris sit amet eros. Suspendisse accumsan tortor quis turpis.', '2024-08-03 10:39:41', '2024-10-10 14:36:42', 'Link', 'Herculie'),
                                                                                                                 (53, 'lee', 'Mauris enim leo, rhoncus sed, vestibulum sit amet, cursus id, turpis. Integer aliquet, massa id lobortis convallis, tortor risus dapibus augue, vel accumsan tellus nisi eu orci. Mauris lacinia sapien quis libero.', '2024-10-16 21:35:19', '2024-02-03 11:50:26', 'Brlee', 'Morry'),
                                                                                                                 (116, 'lee', 'Quisque id justo sit amet sapien dignissim vestibulum. Vestibulum ante ipsum primis in faucibus orci luctus et ultrices posuere cubilia Curae; Nulla dapibus dolor vel est. Donec odio justo, sollicitudin ut, suscipit a, feugiat et, eros.', '2024-06-30 09:33:06', '2024-03-14 15:57:56', 'Ash', 'Kain'),
                                                                                                                 (18, 'lee', 'Vestibulum quam sapien, varius ut, blandit non, interdum in, ante. Vestibulum ante ipsum primis in faucibus orci luctus et ultrices posuere cubilia Curae; Duis faucibus accumsan odio. Curabitur convallis.', '2024-12-17 04:35:08', '2024-12-03 02:48:23', 'Vance', 'Sherwood'),
                                                                                                                 (39, 'lee', 'Fusce posuere felis sed lacus. Morbi sem mauris, laoreet ut, rhoncus aliquet, pulvinar sed, nisl. Nunc rhoncus dui vel sem.', '2024-01-24 11:08:07', '2024-03-10 17:24:44', 'Alexio', 'Zak'),
                                                                                                                 (36, 'lee', 'Duis bibendum. Morbi non quam nec dui luctus rutrum. Nulla tellus.', '2024-10-26 14:32:13', '2024-12-09 16:40:34', 'Gustavus', 'Dennis'),
                                                                                                                 (95, 'lee', 'Suspendisse potenti. In eleifend quam a odio. In hac habitasse platea dictumst.', '2024-01-04 18:07:58', '2024-06-09 11:32:21', 'Correy', 'Michale'),
                                                                                                                 (83, 'lee', 'Proin eu mi. Nulla ac enim. In tempor, turpis nec euismod scelerisque, quam turpis adipiscing lorem, vitae mattis nibh ligula nec sem.', '2024-08-26 19:21:23', '2024-08-18 00:16:06', 'Marsh', 'Jake'),
                                                                                                                 (32, 'lee', 'Fusce posuere felis sed lacus. Morbi sem mauris, laoreet ut, rhoncus aliquet, pulvinar sed, nisl. Nunc rhoncus dui vel sem.', '2024-04-06 03:33:13', '2024-02-08 18:06:28', 'Joey', 'Jeddy'),
                                                                                                                 (97, 'lee', 'Curabitur in libero ut massa volutpat convallis. Morbi odio odio, elementum eu, interdum eu, tincidunt in, leo. Maecenas pulvinar lobortis est.', '2024-10-02 12:32:35', '2024-03-31 17:12:09', 'Ermin', 'Randy'),
                                                                                                                 (101, 'lee', 'In congue. Etiam justo. Etiam pretium iaculis justo.', '2024-06-26 12:29:52', '2024-01-29 02:54:16', 'Archer', 'Denney'),
                                                                                                                 (109, 'lee', 'Cras non velit nec nisi vulputate nonummy. Maecenas tincidunt lacus at velit. Vivamus vel nulla eget eros elementum pellentesque.', '2024-05-01 12:24:18', '2024-05-30 21:29:42', 'Fransisco', 'Francisco'),
                                                                                                                 (93, 'lee', 'Quisque porta volutpat erat. Quisque erat eros, viverra eget, congue eget, semper rutrum, nulla. Nunc purus.', '2024-02-22 10:56:34', '2024-09-02 15:20:32', 'Georgy', 'Wells'),
                                                                                                                 (118, 'lee', 'Quisque id justo sit amet sapien dignissim vestibulum. Vestibulum ante ipsum primis in faucibus orci luctus et ultrices posuere cubilia Curae; Nulla dapibus dolor vel est. Donec odio justo, sollicitudin ut, suscipit a, feugiat et, eros.', '2024-11-04 07:35:10', '2024-12-24 13:17:12', 'Oates', 'Clayborne'),
                                                                                                                 (97, 'lee', 'Nullam porttitor lacus at turpis. Donec posuere metus vitae ipsum. Aliquam non mauris.', '2024-07-18 10:42:20', '2024-12-25 13:59:02', 'Richmound', 'Wilmar'),
                                                                                                                 (6, 'lee', 'Phasellus in felis. Donec semper sapien a libero. Nam dui.', '2024-02-08 10:45:24', '2024-04-04 03:18:49', 'Rees', 'Kerk'),
                                                                                                                 (106, 'lee', 'Etiam vel augue. Vestibulum rutrum rutrum neque. Aenean auctor gravida sem.', '2024-02-12 12:56:15', '2024-06-19 00:23:26', 'Kiley', 'Keenan'),
                                                                                                                 (77, 'lee', 'Aenean lectus. Pellentesque eget nunc. Donec quis orci eget orci vehicula condimentum.', '2024-01-08 02:32:10', '2024-07-23 12:21:01', 'Harlen', 'Zacharia'),
                                                                                                                 (56, 'lee', 'Sed ante. Vivamus tortor. Duis mattis egestas metus.', '2024-11-18 01:32:48', '2024-06-06 01:59:25', 'Vittorio', 'Milty'),
                                                                                                                 (19, 'lee', 'In hac habitasse platea dictumst. Etiam faucibus cursus urna. Ut tellus.', '2024-05-07 23:57:29', '2024-04-03 21:55:11', 'Oliver', 'Graehme')
;

insert into hashtag (hashtag_name, created_at, modified_at, created_by, modified_by) values
                                                                                         ('blue', now(), now(), 'lee', 'lee'),
                                                                                         ('crimson', now(), now(), 'lee', 'lee'),
                                                                                         ('fuscia', now(), now(), 'lee', 'lee'),
                                                                                         ('goldenrod', now(), now(), 'lee', 'lee'),
                                                                                         ('green', now(), now(), 'lee', 'lee'),
                                                                                         ('indigo', now(), now(), 'lee', 'lee'),
                                                                                         ('khaki', now(), now(), 'lee', 'lee'),
                                                                                         ('maroon', now(), now(), 'lee', 'lee'),
                                                                                         ('mauv', now(), now(), 'lee', 'lee'),
                                                                                         ('orange', now(), now(), 'lee', 'lee'),
                                                                                         ('pink', now(), now(), 'lee', 'lee'),
                                                                                         ('puce', now(), now(), 'lee', 'lee'),
                                                                                         ('purple', now(), now(), 'lee', 'lee'),
                                                                                         ('red', now(), now(), 'lee', 'lee'),
                                                                                         ('teal', now(), now(), 'lee', 'lee'),
                                                                                         ('turquoise', now(), now(), 'lee', 'lee'),
                                                                                         ('violet', now(), now(), 'lee', 'lee'),
                                                                                         ('yellow', now(), now(), 'lee', 'lee'),
                                                                                         ('white', now(), now(), 'lee', 'lee')
;

insert into article_hashtag (article_id, hashtag_id) values
                                                         (1, 11),
                                                         (2, 13),
                                                         (3, 13),
                                                         (4, 9),
                                                         (5, 5),
                                                         (6, 8),
                                                         (7, 10),
                                                         (8, 15),
                                                         (9, 7),
                                                         (10, 12),
                                                         (11, 10),
                                                         (12, 13),
                                                         (13, 8),
                                                         (15, 7),
                                                         (18, 4),
                                                         (19, 18),
                                                         (20, 10),
                                                         (21, 3),
                                                         (22, 12),
                                                         (24, 15),
                                                         (25, 3),
                                                         (26, 8),
                                                         (27, 15),
                                                         (28, 16),
                                                         (29, 3),
                                                         (31, 1),
                                                         (32, 18),
                                                         (33, 11),
                                                         (34, 4),
                                                         (35, 1),
                                                         (37, 13),
                                                         (38, 5),
                                                         (40, 16),
                                                         (42, 3),
                                                         (43, 17),
                                                         (45, 14),
                                                         (45, 19),
                                                         (47, 13),
                                                         (48, 2),
                                                         (49, 6),
                                                         (50, 7),
                                                         (52, 16),
                                                         (54, 11),
                                                         (55, 10),
                                                         (57, 10),
                                                         (58, 11),
                                                         (59, 2),
                                                         (60, 2),
                                                         (61, 15),
                                                         (63, 17),
                                                         (64, 17),
                                                         (65, 17),
                                                         (66, 16),
                                                         (67, 12),
                                                         (68, 3),
                                                         (70, 12),
                                                         (71, 11),
                                                         (72, 3),
                                                         (73, 14),
                                                         (75, 16),
                                                         (76, 1),
                                                         (77, 11),
                                                         (80, 13),
                                                         (81, 17),
                                                         (82, 16),
                                                         (83, 13),
                                                         (84, 2),
                                                         (85, 15),
                                                         (86, 14),
                                                         (88, 17),
                                                         (90, 7),
                                                         (91, 10),
                                                         (92, 13),
                                                         (93, 16),
                                                         (94, 16),
                                                         (95, 3),
                                                         (96, 8),
                                                         (97, 18),
                                                         (98, 10),
                                                         (99, 17),
                                                         (100, 2),
                                                         (102, 12),
                                                         (103, 14),
                                                         (104, 7),
                                                         (105, 16),
                                                         (106, 14),
                                                         (107, 1),
                                                         (111, 18),
                                                         (112, 6),
                                                         (113, 9),
                                                         (114, 2),
                                                         (116, 16),
                                                         (117, 14),
                                                         (119, 12),
                                                         (120, 18),
                                                         (122, 18)
;